{"layers":[{"type":"background","id":"background","paint":{"background-color":{"base":1,"stops":[[11,"hsl(35, 32%, 91%)"],[13,"hsl(35, 12%, 89%)"]]}}},{"source":"composite","filter":["==","class","national_park"],"paint":{"fill-color":"hsl(100, 59%, 76%)","fill-opacity":{"base":1,"stops":[[5,0],[5.5,0.75],[9,0.75],[10,0.35]]}},"source-layer":"landuse_overlay","type":"fill","id":"national_park"},{"paint":{"fill-color":"hsl(75, 41%, 74%)","fill-opacity":{"base":1,"stops":[[9,0],[15,0.2]]}},"filter":["==","class","scrub"],"source":"composite","minzoom":9,"source-layer":"landuse","type":"fill","id":"scrub"},{"paint":{"fill-color":"hsl(75, 41%, 74%)","fill-opacity":{"base":1,"stops":[[9,0],[15,0.4]]}},"filter":["==","class","grass"],"source":"composite","minzoom":9,"source-layer":"landuse","type":"fill","id":"grass"},{"paint":{"fill-color":"hsl(75, 41%, 74%)","fill-opacity":{"base":1,"stops":[[7,0],[15,0.5]]}},"filter":["==","class","wood"],"source":"composite","minzoom":6,"source-layer":"landuse","type":"fill","id":"wood"},{"paint":{"fill-outline-color":"hsl(75, 32%, 68%)","fill-color":"hsl(75, 37%, 81%)","fill-opacity":{"base":1,"stops":[[11,0],[14,0.75]]}},"filter":["==","class","agriculture"],"source":"composite","minzoom":11,"source-layer":"landuse","type":"fill","id":"agriculture"},{"paint":{"line-color":{"base":1,"stops":[[12,"hsl(100, 49%, 71%)"],[14,"hsl(100, 40%, 67%)"]]},"line-offset":0,"line-opacity":{"base":1,"stops":[[9,0],[10,1]]},"line-width":{"base":1,"stops":[[9,0.75],[12,1]]}},"filter":["==","class","national_park"],"source":"composite","minzoom":9,"source-layer":"landuse_overlay","type":"line","id":"national_park-outline"},{"source":"composite","filter":["==","class","hospital"],"paint":{"fill-color":{"base":1,"stops":[[15.5,"hsl(340, 37%, 87%)"],[16,"hsl(340, 63%, 89%)"]]}},"source-layer":"landuse","type":"fill","id":"hospital"},{"source":"composite","filter":["==","class","school"],"paint":{"fill-color":{"base":1,"stops":[[15.5,"hsl(50, 47%, 81%)"],[16,"hsl(50, 63%, 84%)"]]}},"source-layer":"landuse","type":"fill","id":"school"},{"source":"composite","filter":["==","class","park"],"paint":{"fill-color":"hsl(100, 59%, 76%)","fill-opacity":{"base":1,"stops":[[5,0],[6,1]]}},"source-layer":"landuse","type":"fill","id":"park+other-green-areas"},{"paint":{"fill-color":"hsl(196, 71%, 93%)","fill-opacity":{"base":1,"stops":[[9,0],[10,0.5]]}},"filter":["==","class","glacier"],"source":"composite","minzoom":9,"source-layer":"landuse","type":"fill","id":"glacier"},{"source":"composite","filter":["==","class","pitch"],"paint":{"fill-color":"hsl(100, 57%, 72%)"},"source-layer":"landuse","type":"fill","id":"pitch"},{"layout":{"line-join":"miter"},"paint":{"line-color":"hsl(75, 57%, 84%)"},"filter":["==","class","pitch"],"source":"composite","minzoom":15,"source-layer":"landuse","type":"line","id":"pitch-line"},{"source":"composite","filter":["==","class","cemetery"],"paint":{"fill-color":"hsl(75, 37%, 81%)"},"source-layer":"landuse","type":"fill","id":"cemetery"},{"source":"composite","filter":["==","class","industrial"],"paint":{"fill-color":{"base":1,"stops":[[15.5,"#d6d8e1"],[16,"#dbdeeb"]]}},"source-layer":"landuse","type":"fill","id":"industrial"},{"source":"composite","filter":["==","class","sand"],"paint":{"fill-color":"hsl(60, 46%, 87%)"},"source-layer":"landuse","type":"fill","id":"sand"},{"paint":{"fill-color":"hsl(75, 62%, 81%)","fill-antialias":false,"fill-opacity":{"base":1.5,"stops":[[2,0.3],[12,0]]}},"filter":["==","class","crop"],"source":"composite","source-layer":"landcover","maxzoom":12,"type":"fill","id":"landcover_crop"},{"paint":{"fill-color":"hsl(108, 51%, 53%)","fill-antialias":false,"fill-opacity":{"base":1,"stops":[[0,0.56],[7,0.56],[11,0.34],[14,0.22],[16,0.16]]}},"filter":["==","class","scrub"],"source":"composite","source-layer":"landcover","type":"fill","id":"landcover_scrub"},{"paint":{"fill-color":"hsl(75, 62%, 81%)","fill-antialias":false,"fill-opacity":{"base":1.5,"stops":[[2,0.3],[12,0]]}},"filter":["==","class","wood"],"source":"composite","source-layer":"landcover","maxzoom":12,"type":"fill","id":"landcover_wood"},{"paint":{"fill-color":"hsl(0, 0%, 100%)","fill-antialias":false,"fill-opacity":0.2},"filter":["==","class","snow"],"source":"composite","source-layer":"landcover","type":"fill","id":"landcover_snow"},{"paint":{"fill-color":"hsl(75, 62%, 81%)","fill-pattern":"grass-05","fill-antialias":false,"fill-opacity":{"base":1,"stops":[[8,0.7],[11,0.53]]}},"filter":["==","class","grass"],"source":"composite","source-layer":"landcover","type":"fill","id":"landcover_grass TEXTURE"},{"source":"composite","filter":["==","class","grass"],"paint":{"fill-color":"hsl(108, 51%, 53%)","fill-antialias":false,"fill-opacity":{"base":1,"stops":[[8,0.3],[11,0.22],[16,0.38]]}},"source-layer":"landcover","type":"fill","id":"landcover_grass"},{"paint":{"fill-color":"hsl(0, 0%, 100%)","fill-antialias":false,"fill-opacity":{"stops":[[15,0.15],[18,0]]}},"filter":["in","level",90,94],"source":"composite","source-layer":"hillshade","maxzoom":18,"type":"fill","id":"hillshade_highlight_med+bright"},{"paint":{"fill-color":"hsl(56, 59%, 22%)","fill-antialias":false,"fill-opacity":{"stops":[[15,0.08],[17,0]]}},"filter":["in","level",56,67,78,89],"source":"composite","source-layer":"hillshade","maxzoom":17,"type":"fill","id":"hillshade_shadow_combined"},{"paint":{"fill-color":"hsl(185, 43%, 74%)","fill-opacity":{"base":1,"stops":[[10,0.25],[10.5,0.15]]}},"filter":["in","class","wetland","wetland_noveg"],"source":"composite","source-layer":"landuse_overlay","type":"fill","id":"wetlands"},{"source":"composite","filter":["in","class","wetland","wetland_noveg"],"paint":{"fill-translate-anchor":"viewport","fill-color":"hsl(185, 43%, 74%)","fill-pattern":"wetland","fill-opacity":{"base":1,"stops":[[10,0],[10.5,1]]}},"source-layer":"landuse_overlay","type":"fill","id":"wetlands-pattern"},{"source":"composite","filter":["all",["==","$type","Polygon"],["==","class","land"]],"paint":{"fill-color":"hsl(35, 12%, 89%)"},"source-layer":"barrier_line","type":"fill","id":"barrier_line-land-polygon"},{"layout":{"line-cap":"round"},"source":"composite","filter":["all",["==","$type","LineString"],["==","class","land"]],"paint":{"line-color":"hsl(35, 12%, 89%)","line-width":{"base":1.99,"stops":[[14,0.75],[20,40]]}},"source-layer":"barrier_line","type":"line","id":"barrier_line-land-line"},{"layout":{"line-cap":"round"},"paint":{"line-color":{"base":1,"stops":[[10,"hsl(230, 23%, 82%)"],[12,"hsl(193, 2%, 56%)"]]},"line-opacity":{"base":1,"stops":[[16,1],[16.5,0]]},"line-width":{"base":1.5,"stops":[[10,0.5],[18,20]]}},"filter":["all",["==","$type","LineString"],["==","type","taxiway"]],"source":"composite","minzoom":9,"source-layer":"aeroway","type":"line","id":"aeroway-taxiway"},{"layout":{"line-cap":"square"},"paint":{"line-color":{"base":1,"stops":[[10,"hsl(193, 13%, 72%)"],[10.3,"hsl(180, 1%, 45%)"]]},"line-opacity":{"base":1,"stops":[[9,0],[9.3,1],[16,1],[16.5,0]]},"line-width":{"base":1.5,"stops":[[9,1],[17.5,80]]}},"filter":["all",["==","$type","LineString"],["==","type","runway"]],"source":"composite","minzoom":9,"source-layer":"aeroway","type":"line","id":"aeroway-runway"},{"layout":{"line-cap":"round"},"paint":{"line-color":"hsl(53, 97%, 58%)","line-dasharray":[2,5],"line-opacity":{"base":1,"stops":[[10,0],[10.3,1],[16,1],[16.5,0]]},"line-width":{"base":1.5,"stops":[[9,1],[18,12]]}},"filter":["all",["==","$type","LineString"],["==","type","runway"]],"source":"composite","minzoom":9,"source-layer":"aeroway","type":"line","id":"aeroway-runway-dashes"},{"layout":{"line-join":"round"},"source":"composite","filter":["all",["==","$type","LineString"],["==","type","ferry"]],"paint":{"line-color":{"base":1,"stops":[[15,"hsl(205, 73%, 63%)"],[17,"hsl(230, 73%, 63%)"]]},"line-dasharray":{"base":1,"stops":[[12,[1,0]],[13,[12,4]]]},"line-opacity":1,"line-width":{"base":1.5,"stops":[[14,0.5],[20,1]]}},"source-layer":"road","type":"line","id":"ferry"},{"layout":{"line-join":"round"},"source":"composite","filter":["all",["==","$type","LineString"],["==","type","ferry_auto"]],"paint":{"line-color":{"base":1,"stops":[[15,"hsl(205, 73%, 63%)"],[17,"hsl(230, 73%, 63%)"]]},"line-opacity":1,"line-width":{"base":1.5,"stops":[[14,0.5],[20,1]]}},"source-layer":"road","type":"line","id":"ferry-auto"},{"layout":{"line-cap":{"base":1,"stops":[[0,"butt"],[11,"round"]]},"line-join":"round"},"paint":{"line-color":"hsl(205, 87%, 76%)","line-opacity":{"base":1,"stops":[[8,0],[8.5,1],[14.5,1]]},"line-width":{"base":1.73,"stops":[[10,0.4],[18,30]]}},"filter":["in","class","canal","river"],"source":"composite","minzoom":8,"source-layer":"waterway","type":"line","id":"waterway-river-canal"},{"layout":{"line-cap":"round","line-join":"round"},"paint":{"line-color":"hsl(205, 87%, 76%)","line-opacity":{"base":1,"stops":[[13,0],[13.5,1]]},"line-width":{"base":1.35,"stops":[[13.5,0.4],[20,3]]}},"filter":["!in","class","canal","river"],"source":"composite","minzoom":13,"source-layer":"waterway","type":"line","id":"waterway-small"},{"paint":{"fill-outline-color":"hsl(213, 68%, 49%)","fill-color":"hsl(213, 85%, 61%)","fill-opacity":{"base":1.99,"stops":[[15,1],[18,0.1]]}},"source":"composite","source-layer":"water","type":"fill","id":"water"},{"paint":{"fill-color":"hsl(196, 80%, 70%)","fill-pattern":"waves-09","fill-opacity":{"base":1,"stops":[[5,0.15],[10,0.1],[14,0.1],[18,0]]}},"source":"composite","source-layer":"water","type":"fill","id":"water TEXTURE"},{"layout":{"line-cap":"round","line-join":"round"},"paint":{"line-color":"hsl(0, 0%, 100%)","line-opacity":{"stops":[[11.5,0],[12,1],[14,1],[14.01,0]]},"line-width":{"base":1.5,"stops":[[12.5,0.5],[14,2],[18,18]]}},"filter":["all",["==","$type","LineString"],["all",["==","structure","tunnel"],["in","class","street","street_limited"]]],"source":"composite","minzoom":11,"source-layer":"road","type":"line","id":"tunnel-street_limited+low"},{"layout":{"line-cap":"round","line-join":"round"},"paint":{"line-gap-width":{"base":1.5,"stops":[[15,1],[18,12]]},"line-color":"hsl(50, 100%, 40%)","line-dasharray":[3,3],"line-width":{"base":1.5,"stops":[[12,0.75],[20,2]]}},"filter":["all",["==","$type","LineString"],["all",["==","class","track"],["==","structure","tunnel"]]],"source":"composite","source-layer":"road","type":"line","id":"tunnel-track-case"},{"layout":{"line-cap":"round","line-join":"round"},"paint":{"line-gap-width":{"base":1.5,"stops":[[14,0.5],[18,12]]},"line-color":"hsl(230, 19%, 75%)","line-dasharray":[3,3],"line-width":{"base":1.5,"stops":[[12,0.75],[20,2]]}},"filter":["all",["==","$type","LineString"],["all",["!=","type","trunk_link"],["==","structure","tunnel"],["in","class","link","service"]]],"source":"composite","minzoom":14,"source-layer":"road","type":"line","id":"tunnel-service-link-case"},{"layout":{"line-cap":"round","line-join":"round"},"paint":{"line-gap-width":{"base":1.5,"stops":[[13,0],[14,2],[18,18]]},"line-color":"hsl(230, 19%, 75%)","line-dasharray":[3,3],"line-opacity":{"base":1,"stops":[[13.99,0],[14,1]]},"line-width":{"base":1.5,"stops":[[12,0.75],[20,2]]}},"filter":["all",["==","$type","LineString"],["all",["==","structure","tunnel"],["in","class","street","street_limited"]]],"source":"composite","minzoom":11,"source-layer":"road","type":"line","id":"tunnel-street+limited-case"},{"layout":{"line-cap":"round","line-join":"round"},"paint":{"line-gap-width":{"base":1.5,"stops":[[8.5,0.5],[10,0.75],[18,26]]},"line-color":"hsl(230, 19%, 75%)","line-dasharray":[3,3],"line-width":{"base":1.2,"stops":[[10,0.75],[18,2]]}},"filter":["all",["==","$type","LineString"],["all",["==","structure","tunnel"],["in","class","secondary","tertiary"]]],"source":"composite","source-layer":"road","type":"line","id":"tunnel-secondary-tertiary-case"},{"layout":{"line-cap":"round","line-join":"round"},"paint":{"line-gap-width":{"base":1.5,"stops":[[5,0.75],[18,32]]},"line-color":"hsl(230, 19%, 75%)","line-dasharray":[3,3],"line-width":{"base":1.5,"stops":[[5,0.75],[16,2]]}},"filter":["all",["==","$type","LineString"],["all",["==","class","primary"],["==","structure","tunnel"]]],"source":"composite","source-layer":"road","type":"line","id":"tunnel-primary-case"},{"layout":{"line-cap":"round","line-join":"round"},"paint":{"line-gap-width":{"base":1.5,"stops":[[12,0.5],[14,2],[18,18]]},"line-color":"hsl(0, 0%, 100%)","line-dasharray":[3,3],"line-width":{"base":1.5,"stops":[[12,0.75],[20,2]]}},"filter":["all",["==","$type","LineString"],["all",["==","structure","tunnel"],["==","type","trunk_link"]]],"source":"composite","minzoom":13,"source-layer":"road","type":"line","id":"tunnel-trunk_link-case"},{"layout":{"line-cap":"round","line-join":"round"},"paint":{"line-gap-width":{"base":1.5,"stops":[[12,0.5],[14,2],[18,18]]},"line-color":"hsl(0, 0%, 100%)","line-dasharray":[3,3],"line-width":{"base":1.5,"stops":[[12,0.75],[20,2]]}},"filter":["all",["==","$type","LineString"],["all",["==","class","motorway_link"],["==","structure","tunnel"]]],"source":"composite","minzoom":13,"source-layer":"road","type":"line","id":"tunnel-motorway_link-case"},{"layout":{"line-cap":"round","line-join":"round"},"paint":{"line-gap-width":{"base":1.5,"stops":[[5,0.75],[18,32]]},"line-color":"hsl(0, 0%, 100%)","line-dasharray":[3,3],"line-opacity":1,"line-width":{"base":1.5,"stops":[[5,0.75],[16,2]]}},"filter":["all",["==","$type","LineString"],["all",["==","structure","tunnel"],["==","type","trunk"]]],"source":"composite","source-layer":"road","type":"line","id":"tunnel-trunk-case"},{"layout":{"line-cap":"round","line-join":"round"},"paint":{"line-gap-width":{"base":1.5,"stops":[[5,0.75],[18,32]]},"line-color":"hsl(0, 0%, 100%)","line-dasharray":[3,3],"line-opacity":1,"line-width":{"base":1.5,"stops":[[5,0.75],[16,2]]}},"filter":["all",["==","$type","LineString"],["all",["==","class","motorway"],["==","structure","tunnel"]]],"source":"composite","source-layer":"road","type":"line","id":"tunnel-motorway-case"},{"layout":{"line-join":"miter"},"paint":{"line-color":"hsl(230, 24%, 87%)","line-dasharray":{"base":1,"stops":[[14,[0.4,0.8]],[15,[0.3,0.6]],[16,[0.2,0.3]],[17,[0.2,0.25]],[18,[0.15,0.15]]]},"line-opacity":{"base":1,"stops":[[13.99,0],[14,1]]},"line-width":{"base":1.5,"stops":[[12.5,0.5],[14,2],[18,18]]}},"filter":["all",["==","$type","LineString"],["all",["==","class","construction"],["==","structure","tunnel"]]],"source":"composite","minzoom":14,"source-layer":"road","type":"line","id":"tunnel-construction"},{"layout":{"line-join":"round"},"paint":{"line-color":"hsl(35, 26%, 95%)","line-dasharray":{"base":1,"stops":[[14,[4,0.4]],[15,[3,0.4]],[16,[3,0.35]],[17,[3,0.35]]]},"line-opacity":{"base":1,"stops":[[13,0],[13.25,1]]},"line-width":{"base":1.5,"stops":[[15,1],[18,4]]}},"filter":["all",["==","$type","LineString"],["all",["!in","type","cycleway","piste","steps"],["==","class","path"],["==","structure","tunnel"]]],"source":"composite","source-layer":"road","type":"line","id":"tunnel-path"},{"layout":{"line-join":"round"},"paint":{"line-color":"hsl(35, 26%, 95%)","line-dasharray":{"base":1,"stops":[[14,[4,0.4]],[15,[3,0.4]],[16,[3,0.35]],[17,[3,0.35]]]},"line-opacity":{"base":1,"stops":[[13,0],[13.25,1]]},"line-width":{"base":1.5,"stops":[[15,1],[18,4]]}},"filter":["all",["==","$type","LineString"],["all",["==","class","path"],["==","structure","tunnel"],["in","type","cycleway","piste"]]],"source":"composite","source-layer":"road","type":"line","id":"tunnel-cycleway-piste"},{"layout":{"line-join":"round"},"paint":{"line-color":"hsl(35, 26%, 95%)","line-dasharray":{"base":1,"stops":[[14,[4,0.4]],[15,[1.75,0.4]],[16,[0.75,0.4]],[17,[0.3,0.3]]]},"line-opacity":{"base":1,"stops":[[13,0],[13.25,1]]},"line-width":{"base":1.5,"stops":[[15,1],[16,1.6],[18,6]]}},"filter":["all",["==","$type","LineString"],["all",["==","structure","tunnel"],["==","type","steps"]]],"source":"composite","source-layer":"road","type":"line","id":"tunnel-steps"},{"layout":{"line-cap":"round","line-join":"round"},"paint":{"line-color":"hsl(46, 77%, 78%)","line-dasharray":[1,0],"line-opacity":1,"line-width":{"base":1.5,"stops":[[12,0.5],[14,2],[18,18]]}},"filter":["all",["==","$type","LineString"],["all",["==","structure","tunnel"],["==","type","trunk_link"]]],"source":"composite","minzoom":13,"source-layer":"road","type":"line","id":"tunnel-trunk_link"},{"layout":{"line-cap":"round","line-join":"round"},"paint":{"line-color":"hsl(26, 74%, 81%)","line-dasharray":[1,0],"line-opacity":1,"line-width":{"base":1.5,"stops":[[12,0.5],[14,2],[18,18]]}},"filter":["all",["==","$type","LineString"],["all",["==","class","motorway_link"],["==","structure","tunnel"]]],"source":"composite","minzoom":13,"source-layer":"road","type":"line","id":"tunnel-motorway_link"},{"layout":{"line-join":"round"},"paint":{"line-color":"hsl(0, 0%, 100%)","line-dasharray":{"base":1,"stops":[[14,[1,0]],[15,[1.5,0.4]],[16,[1,0.2]]]},"line-opacity":1,"line-width":{"base":1.5,"stops":[[14,0.5],[18,12]]}},"filter":["all",["==","$type","LineString"],["all",["==","class","pedestrian"],["==","structure","tunnel"]]],"source":"composite","minzoom":13,"source-layer":"road","type":"line","id":"tunnel-pedestrian"},{"layout":{"line-cap":"round","line-join":"round"},"source":"composite","filter":["all",["==","$type","LineString"],["all",["==","class","track"],["==","structure","tunnel"]]],"paint":{"line-color":"hsl(0, 0%, 100%)","line-width":{"base":1.5,"stops":[[15,1],[18,12]]}},"source-layer":"road","type":"line","id":"tunnel-track"},{"layout":{"line-cap":"round","line-join":"round"},"paint":{"line-color":"hsl(0, 0%, 100%)","line-dasharray":[0.3,0],"line-width":{"base":1.5,"stops":[[14,0.5],[18,12]]}},"filter":["all",["==","$type","LineString"],["all",["!=","type","trunk_link"],["==","structure","tunnel"],["in","class","link","service"]]],"source":"composite","minzoom":14,"source-layer":"road","type":"line","id":"tunnel-service-link"},{"layout":{"line-cap":"round","line-join":"round"},"paint":{"line-color":"hsl(35, 14%, 93%)","line-opacity":{"base":1,"stops":[[13.99,0],[14,1]]},"line-width":{"base":1.5,"stops":[[12.5,0.5],[14,2],[18,18]]}},"filter":["all",["==","$type","LineString"],["all",["==","class","street_limited"],["==","structure","tunnel"]]],"source":"composite","minzoom":11,"source-layer":"road","type":"line","id":"tunnel-street_limited"},{"layout":{"line-cap":"round","line-join":"round"},"paint":{"line-color":"hsl(0, 0%, 100%)","line-opacity":{"base":1,"stops":[[13.99,0],[14,1]]},"line-width":{"base":1.5,"stops":[[12.5,0.5],[14,2],[18,18]]}},"filter":["all",["==","$type","LineString"],["all",["==","class","street"],["==","structure","tunnel"]]],"source":"composite","minzoom":11,"source-layer":"road","type":"line","id":"tunnel-street"},{"layout":{"line-cap":"round","line-join":"round"},"source":"composite","filter":["all",["==","$type","LineString"],["all",["==","structure","tunnel"],["in","class","secondary","tertiary"]]],"paint":{"line-blur":0,"line-color":"hsl(0, 0%, 100%)","line-dasharray":[1,0],"line-opacity":1,"line-width":{"base":1.5,"stops":[[8.5,0.5],[10,0.75],[18,26]]}},"source-layer":"road","type":"line","id":"tunnel-secondary-tertiary"},{"layout":{"line-cap":"round","line-join":"round"},"source":"composite","filter":["all",["==","$type","LineString"],["all",["==","class","primary"],["==","structure","tunnel"]]],"paint":{"line-blur":0,"line-color":"hsl(0, 0%, 100%)","line-dasharray":[1,0],"line-opacity":1,"line-width":{"base":1.5,"stops":[[5,0.75],[18,32]]}},"source-layer":"road","type":"line","id":"tunnel-primary"},{"layout":{"icon-image":{"base":1,"stops":[[17,"oneway-small"],[18,"oneway-large"]]},"symbol-spacing":200,"symbol-placement":"line","icon-padding":2},"filter":["all",["==","$type","LineString"],["all",["!=","type","trunk_link"],["==","oneway","true"],["==","structure","tunnel"],["in","class","link","path","pedestrian","primary","secondary","service","street","street_limited","tertiary","track"]]],"source":"composite","minzoom":15,"source-layer":"road","type":"symbol","id":"tunnel-oneway-arrows-blue-major+minor"},{"layout":{"line-cap":"round","line-join":"round"},"paint":{"line-color":"hsl(46, 77%, 78%)","line-width":{"base":1.5,"stops":[[5,0.75],[18,32]]}},"filter":["all",["==","$type","LineString"],["all",["==","class","trunk"],["==","structure","tunnel"]]],"source":"composite","source-layer":"road","type":"line","id":"tunnel-trunk"},{"layout":{"line-cap":"round","line-join":"round"},"source":"composite","filter":["all",["==","$type","LineString"],["all",["==","class","motorway"],["==","structure","tunnel"]]],"paint":{"line-blur":0,"line-color":"hsl(26, 74%, 81%)","line-dasharray":[1,0],"line-opacity":1,"line-width":{"base":1.5,"stops":[[5,0.75],[18,32]]}},"source-layer":"road","type":"line","id":"tunnel-motorway"},{"layout":{"icon-image":{"base":1,"stops":[[16,"oneway-white-small"],[17,"oneway-white-large"]]},"symbol-spacing":200,"symbol-placement":"line","icon-padding":2},"paint":{"icon-opacity":0.5},"filter":["all",["==","$type","LineString"],["all",["!in","type","primary_link","secondary_link","tertiary_link"],["==","oneway","true"],["==","structure","tunnel"],["in","class","link","trunk"]]],"source":"composite","minzoom":16,"source-layer":"road","type":"symbol","id":"tunnel-oneway-arrows-white"},{"paint":{"fill-outline-color":"hsl(230, 26%, 88%)","fill-color":{"base":1,"stops":[[16,"hsl(230, 16%, 94%)"],[16.25,"hsl(230, 50%, 98%)"]]},"fill-opacity":1},"filter":["all",["==","$type","Polygon"],["all",["==","structure","none"],["in","class","path","pedestrian"]]],"source":"composite","minzoom":12,"source-layer":"road","type":"fill","id":"road-pedestrian-polygon-fill"},{"paint":{"fill-outline-color":"hsl(35, 10%, 83%)","fill-color":"hsl(0, 0%, 100%)","fill-pattern":"pedestrian-polygon","fill-opacity":{"base":1,"stops":[[16,0],[16.25,1]]}},"filter":["all",["==","$type","Polygon"],["all",["==","structure","none"],["in","class","path","pedestrian"]]],"source":"composite","minzoom":12,"source-layer":"road","type":"fill","id":"road-pedestrian-polygon-pattern"},{"layout":{"line-join":"round"},"paint":{"line-blur":0,"line-color":"hsl(230, 85%, 67%)","line-opacity":{"base":1,"stops":[[14.5,0],[15,1]]},"line-width":{"base":1.5,"stops":[[15,2],[18,7]]}},"filter":["all",["==","$type","LineString"],["all",["!in","structure","bridge","tunnel"],["==","class","path"],["==","type","piste"]]],"source":"composite","source-layer":"road","type":"line","id":"road-piste-bg"},{"layout":{"line-join":"round"},"paint":{"line-blur":0,"line-color":"hsl(230, 17%, 82%)","line-dasharray":[0.6,0],"line-opacity":{"base":1,"stops":[[16,0],[16.25,0.25]]},"line-width":{"base":1.5,"stops":[[15,2],[18,7]]}},"filter":["all",["==","$type","LineString"],["all",["!in","structure","bridge","tunnel"],["in","type","corridor","crossing","sidewalk"]]],"source":"composite","minzoom":16,"source-layer":"road","type":"line","id":"road-sidewalk-corridor-bg"},{"layout":{"line-join":"round"},"paint":{"line-gap-width":0,"line-color":"hsl(230, 24%, 87%)","line-opacity":{"base":1,"stops":[[13,0],[14,1]]},"line-width":{"base":1.5,"stops":[[14,2],[18,14.5]]}},"filter":["all",["==","$type","LineString"],["all",["==","class","pedestrian"],["==","structure","none"]]],"source":"composite","minzoom":12,"source-layer":"road","type":"line","id":"road-pedestrian-case"},{"layout":{"line-cap":"round","line-join":"round"},"paint":{"line-color":"hsl(0, 0%, 100%)","line-opacity":{"stops":[[11,0],[11.25,1],[14,1]]},"line-width":{"base":1.5,"stops":[[12.5,0.5],[14,2],[18,18]]}},"filter":["all",["==","$type","LineString"],["all",["==","structure","none"],["in","class","street","street_limited"]]],"source":"composite","minzoom":11,"source-layer":"road","type":"line","id":"road-street+limited-low"},{"layout":{"line-cap":"round","line-join":"round"},"paint":{"line-gap-width":{"base":1.5,"stops":[[15,1],[18,12]]},"line-color":"hsl(50, 100%, 40%)","line-opacity":1,"line-width":{"base":1.5,"stops":[[12,0.75],[20,2]]}},"filter":["all",["==","$type","LineString"],["all",["!in","structure","bridge","tunnel"],["==","class","track"]]],"source":"composite","source-layer":"road","type":"line","id":"road-track-case"},{"layout":{"line-cap":"round","line-join":"round"},"paint":{"line-gap-width":{"base":1.5,"stops":[[14,0.5],[18,12]]},"line-color":"hsl(230, 24%, 87%)","line-opacity":1,"line-width":{"base":1.5,"stops":[[12,0.75],[20,2]]}},"filter":["all",["==","$type","LineString"],["all",["!=","type","trunk_link"],["!in","structure","bridge","tunnel"],["in","class","link","service"]]],"source":"composite","minzoom":14,"source-layer":"road","type":"line","id":"road-service-link-case"},{"layout":{"line-cap":"round","line-join":"round"},"paint":{"line-gap-width":{"base":1.5,"stops":[[13,0],[14,2],[18,18]]},"line-color":"hsl(230, 24%, 87%)","line-opacity":{"base":1,"stops":[[13,0],[14,1]]},"line-width":{"base":1.5,"stops":[[12,0.75],[20,2]]}},"filter":["all",["==","$type","LineString"],["all",["==","structure","none"],["in","class","street","street_limited"]]],"source":"composite","minzoom":11,"source-layer":"road","type":"line","id":"road-street+limited-case"},{"layout":{"line-cap":"round","line-join":"round"},"paint":{"line-gap-width":{"base":1.5,"stops":[[8.5,0.5],[10,0.75],[18,26]]},"line-color":"hsl(230, 24%, 87%)","line-opacity":{"base":1,"stops":[[8,0],[8.25,1]]},"line-width":{"base":1.2,"stops":[[10,0.75],[18,2]]}},"filter":["all",["==","$type","LineString"],["all",["!in","structure","bridge","tunnel"],["in","class","secondary","tertiary"]]],"source":"composite","source-layer":"road","type":"line","id":"road-secondary-tertiary-case"},{"layout":{"line-cap":"round","line-join":"round"},"paint":{"line-gap-width":{"base":1.5,"stops":[[5,0.75],[18,32]]},"line-color":"hsl(230, 24%, 87%)","line-opacity":{"base":1,"stops":[[9.99,0],[10,1],[14,1]]},"line-width":{"base":1.5,"stops":[[5,0.75],[16,2]]}},"filter":["all",["==","$type","LineString"],["all",["!in","structure","bridge","tunnel"],["==","class","primary"]]],"source":"composite","source-layer":"road","type":"line","id":"road-primary-case"},{"layout":{"line-cap":"round","line-join":"round"},"paint":{"line-gap-width":{"base":1.5,"stops":[[12,0.5],[14,2],[18,18]]},"line-color":"hsl(0, 0%, 100%)","line-opacity":{"base":1,"stops":[[10.99,0],[11,1],[14,1]]},"line-width":{"base":1.5,"stops":[[12,0.75],[20,2]]}},"filter":["all",["==","$type","LineString"],["all",["!in","structure","bridge","tunnel"],["==","class","motorway_link"]]],"source":"composite","minzoom":10,"source-layer":"road","type":"line","id":"road-motorway_link-case"},{"layout":{"line-cap":"round","line-join":"round"},"paint":{"line-gap-width":{"base":1.5,"stops":[[12,0.5],[14,2],[18,18]]},"line-color":"hsl(0, 0%, 100%)","line-opacity":{"base":1,"stops":[[10,0],[11,1],[15,1]]},"line-width":{"base":1.5,"stops":[[12,0.75],[20,2]]}},"filter":["all",["==","$type","LineString"],["all",["!in","structure","bridge","tunnel"],["==","type","trunk_link"]]],"source":"composite","minzoom":11,"source-layer":"road","type":"line","id":"road-trunk_link-case"},{"layout":{"line-cap":"round","line-join":"round"},"paint":{"line-gap-width":{"base":1.5,"stops":[[5,0.75],[18,32]]},"line-color":"hsl(0, 0%, 100%)","line-opacity":{"base":1,"stops":[[7,0],[7.1,1],[15,1]]},"line-width":{"base":1.5,"stops":[[10,1],[16,2]]}},"filter":["all",["==","$type","LineString"],["all",["!in","structure","bridge","tunnel"],["==","class","trunk"]]],"source":"composite","source-layer":"road","type":"line","id":"road-trunk-case"},{"layout":{"line-cap":"round","line-join":"round"},"paint":{"line-gap-width":{"base":1.5,"stops":[[5,0.75],[18,32]]},"line-color":"hsl(0, 0%, 100%)","line-opacity":{"base":1,"stops":[[5,0],[5.25,1]]},"line-width":{"base":1.5,"stops":[[10,1],[16,2]]}},"filter":["all",["==","$type","LineString"],["all",["!in","structure","bridge","tunnel"],["==","class","motorway"]]],"source":"composite","source-layer":"road","type":"line","id":"road-motorway-case"},{"layout":{"line-join":"miter"},"paint":{"line-color":"hsl(230, 24%, 87%)","line-dasharray":{"base":1,"stops":[[14,[0.4,0.8]],[15,[0.3,0.6]],[16,[0.2,0.3]],[17,[0.2,0.25]],[18,[0.15,0.15]]]},"line-opacity":{"base":1,"stops":[[13.99,0],[14,1]]},"line-width":{"base":1.5,"stops":[[12.5,0.5],[14,2],[18,18]]}},"filter":["all",["==","$type","LineString"],["all",["==","class","construction"],["==","structure","none"]]],"source":"composite","minzoom":14,"source-layer":"road","type":"line","id":"road-construction"},{"layout":{"line-join":"round"},"paint":{"line-color":"hsl(0, 0%, 100%)","line-dasharray":{"base":1,"stops":[[14,[4,0.4]],[15,[3,0.4]],[16,[3,0.35]],[17,[3,0.35]]]},"line-opacity":{"base":1,"stops":[[16,0],[16.25,1]]},"line-width":{"base":1.5,"stops":[[15,1],[18,4]]}},"filter":["all",["==","$type","LineString"],["all",["!in","structure","bridge","tunnel"],["in","type","corridor","crossing","sidewalk"]]],"source":"composite","minzoom":16,"source-layer":"road","type":"line","id":"road-sidewalk-corridor"},{"layout":{"line-join":"round"},"paint":{"line-color":"hsl(0, 0%, 100%)","line-opacity":{"base":1,"stops":[[13,0],[13.25,1],[14,1]]},"line-width":{"base":1.5,"stops":[[15,1],[18,4]]}},"filter":["all",["==","$type","LineString"],["all",["!in","structure","bridge","tunnel"],["==","class","path"],["in","type","cycleway","piste"]]],"source":"composite","source-layer":"road","type":"line","id":"road-cycleway-piste"},{"layout":{"line-cap":"round","line-join":"round"},"paint":{"line-color":"hsl(46, 69%, 68%)","line-opacity":1,"line-width":{"base":1.5,"stops":[[12,0.5],[14,2],[18,18]]}},"filter":["all",["==","$type","LineString"],["all",["!in","structure","bridge","tunnel"],["==","type","trunk_link"]]],"source":"composite","minzoom":11,"source-layer":"road","type":"line","id":"road-trunk_link"},{"layout":{"line-cap":"round","line-join":"round"},"paint":{"line-color":"hsl(26, 67%, 70%)","line-opacity":1,"line-width":{"base":1.5,"stops":[[12,0.5],[14,2],[18,18]]}},"filter":["all",["==","$type","LineString"],["all",["!in","structure","bridge","tunnel"],["==","class","motorway_link"]]],"source":"composite","minzoom":10,"source-layer":"road","type":"line","id":"road-motorway_link"},{"paint":{"fill-outline-color":"hsl(0, 0%, 100%)","fill-color":"hsl(0, 0%, 100%)"},"filter":["all",["==","$type","Polygon"],["all",["!in","class","motorway","path","pedestrian","trunk"],["!in","structure","bridge","tunnel"]]],"source":"composite","minzoom":12,"source-layer":"road","type":"fill","id":"road-polygon"},{"layout":{"line-cap":"round","line-join":"round"},"source":"composite","filter":["all",["==","$type","LineString"],["all",["!in","structure","bridge","tunnel"],["==","class","track"]]],"paint":{"line-color":"hsl(0, 0%, 100%)","line-opacity":1,"line-width":{"base":1.5,"stops":[[15,1],[18,12]]}},"source-layer":"road","type":"line","id":"road-track"},{"layout":{"line-cap":"round","line-join":"round"},"paint":{"line-color":"hsl(0, 0%, 100%)","line-opacity":1,"line-width":{"base":1.5,"stops":[[14,0.5],[18,12]]}},"filter":["all",["==","$type","LineString"],["all",["!=","type","trunk_link"],["!in","structure","bridge","tunnel"],["in","class","link","service"]]],"source":"composite","minzoom":14,"source-layer":"road","type":"line","id":"road-service-link"},{"layout":{"line-cap":"round","line-join":"round"},"paint":{"line-color":"hsl(35, 14%, 93%)","line-opacity":{"base":1,"stops":[[13,0],[14,1]]},"line-width":{"base":1.5,"stops":[[12.5,0.5],[14,2],[18,18]]}},"filter":["all",["==","$type","LineString"],["all",["==","class","street_limited"],["==","structure","none"]]],"source":"composite","minzoom":11,"source-layer":"road","type":"line","id":"road-street_limited"},{"layout":{"line-cap":"round","line-join":"round"},"paint":{"line-color":"hsl(0, 0%, 100%)","line-opacity":{"base":1,"stops":[[12,0],[14,1]]},"line-width":{"base":1.5,"stops":[[12.5,0.5],[14,2],[18,18]]}},"filter":["all",["==","$type","LineString"],["all",["==","class","street"],["==","structure","none"]]],"source":"composite","minzoom":11,"source-layer":"road","type":"line","id":"road-street"},{"layout":{"line-cap":"round","line-join":"round"},"source":"composite","filter":["all",["==","$type","LineString"],["all",["!in","structure","bridge","tunnel"],["in","class","secondary","tertiary"]]],"paint":{"line-color":{"base":1,"stops":[[5,"hsl(35, 32%, 91%)"],[8,"hsl(0, 0%, 100%)"]]},"line-opacity":{"base":1.2,"stops":[[8,0],[8.25,1]]},"line-width":{"base":1.5,"stops":[[8.5,0.5],[10,0.75],[18,26]]}},"source-layer":"road","type":"line","id":"road-secondary-tertiary"},{"layout":{"line-cap":"round","line-join":"round"},"source":"composite","filter":["all",["==","$type","LineString"],["all",["!in","structure","bridge","tunnel"],["==","class","primary"]]],"paint":{"line-color":{"base":1,"stops":[[5,"hsl(35, 32%, 91%)"],[8,"hsl(0, 0%, 100%)"]]},"line-opacity":{"base":1.2,"stops":[[7,0],[7.25,1]]},"line-width":{"base":1.5,"stops":[[5,0.75],[18,32]]}},"source-layer":"road","type":"line","id":"road-primary"},{"layout":{"symbol-placement":"line","icon-padding":2,"icon-image":{"base":1,"stops":[[17,"oneway-small"],[18,"oneway-large"]]},"icon-rotation-alignment":"map","symbol-spacing":200},"filter":["all",["==","$type","LineString"],["all",["!=","type","trunk_link"],["!in","structure","bridge","tunnel"],["==","oneway","true"],["in","class","link","path","pedestrian","primary","secondary","service","street","street_limited","tertiary","track"]]],"source":"composite","minzoom":15,"source-layer":"road","type":"symbol","id":"road-oneway-arrows-blue-major+minor"},{"layout":{"line-cap":"round","line-join":"round"},"source":"composite","filter":["all",["==","$type","LineString"],["all",["!in","structure","bridge","tunnel"],["==","class","trunk"]]],"paint":{"line-color":{"base":1,"stops":[[6,"hsl(0, 0%, 100%)"],[6.1,"hsl(46, 80%, 60%)"],[9,"hsl(46, 69%, 68%)"]]},"line-opacity":{"base":1,"stops":[[7,0],[7.25,1]]},"line-width":{"base":1.5,"stops":[[5,0.75],[18,32]]}},"source-layer":"road","type":"line","id":"road-trunk"},{"layout":{"line-cap":"round","line-join":"round"},"source":"composite","filter":["all",["==","$type","LineString"],["all",["!in","structure","bridge","tunnel"],["==","class","motorway"]]],"paint":{"line-color":{"base":1,"stops":[[8,"hsl(26, 87%, 62%)"],[9,"hsl(26, 67%, 70%)"]]},"line-opacity":{"base":1,"stops":[[5,0],[5.25,1]]},"line-width":{"base":1.5,"stops":[[5,0.75],[18,32]]}},"source-layer":"road","type":"line","id":"road-motorway"},{"layout":{"line-join":"round"},"paint":{"line-color":{"stops":[[13,"hsl(50, 17%, 82%)"],[16,"hsl(230, 10%, 74%)"]]},"line-width":{"base":1.5,"stops":[[14,0.5],[20,1]]}},"filter":["all",["==","$type","LineString"],["all",["!in","structure","bridge","tunnel"],["in","class","major_rail","minor_rail"]]],"source":"composite","minzoom":13,"source-layer":"road","type":"line","id":"road-rail"},{"layout":{"line-join":"round"},"paint":{"line-color":{"stops":[[13,"hsl(50, 17%, 82%)"],[16,"hsl(230, 10%, 74%)"]]},"line-dasharray":[0.1,15],"line-opacity":{"base":1,"stops":[[13.75,0],[14,1]]},"line-width":{"base":1.5,"stops":[[14,4],[20,8]]}},"filter":["all",["==","$type","LineString"],["all",["!in","structure","bridge","tunnel"],["in","class","major_rail","minor_rail"]]],"source":"composite","minzoom":13,"source-layer":"road","type":"line","id":"road-rail-tracks"},{"layout":{"icon-image":"level-crossing","icon-allow-overlap":true,"icon-size":1},"paint":{"icon-opacity":1},"filter":["all",["==","$type","Point"],["==","class","level_crossing"]],"source":"composite","minzoom":16,"source-layer":"road","type":"symbol","id":"level-crossing"},{"layout":{"icon-image":{"base":1,"stops":[[16,"oneway-white-small"],[17,"oneway-white-large"]]},"symbol-spacing":200,"symbol-placement":"line","icon-padding":2},"paint":{"icon-opacity":0.5},"filter":["all",["==","$type","LineString"],["all",["!in","structure","bridge","tunnel"],["!in","type","primary_link","secondary_link","tertiary_link"],["==","oneway","true"],["in","class","link","trunk"]]],"source":"composite","minzoom":16,"source-layer":"road","type":"symbol","id":"road-oneway-arrows-white"},{"layout":{"line-cap":"round","line-join":"round"},"paint":{"line-color":"hsl(100, 59%, 70%)","line-dasharray":[1,2,5,2,1,2],"line-opacity":1,"line-width":{"base":1,"stops":[[16,1],[20,3]]}},"filter":["==","class","hedge"],"source":"composite","minzoom":16,"source-layer":"barrier_line","type":"line","id":"hedges"},{"layout":{"line-cap":"round","line-join":"round"},"paint":{"line-color":"hsl(46, 17%, 76%)","line-dasharray":[1,2,5,2,1,2],"line-opacity":1,"line-width":{"base":1,"stops":[[16,1],[20,3]]}},"filter":["==","class","fence"],"source":"composite","minzoom":16,"source-layer":"barrier_line","type":"line","id":"fences"},{"layout":{"line-cap":"round","line-join":"round"},"paint":{"line-color":"hsl(46, 17%, 76%)","line-dasharray":[1,2,5,2,1,2],"line-opacity":0.5,"line-width":{"base":1,"stops":[[16,1],[20,3]]}},"filter":["==","class","gate"],"source":"composite","minzoom":17,"source-layer":"barrier_line","type":"line","id":"gates"},{"layout":{"line-join":"round"},"paint":{"line-blur":0,"line-color":"hsl(205, 63%, 60%)","line-dasharray":[0.7,0],"line-opacity":{"base":1,"stops":[[13,0],[13.25,1]]},"line-width":{"base":1.5,"stops":[[15,2],[18,7]]}},"filter":["all",["==","$type","LineString"],["all",["==","class","path"],["==","structure","bridge"],["==","type","piste"]]],"source":"composite","source-layer":"road","type":"line","id":"bridge-piste-bg"},{"layout":{"line-join":"round"},"paint":{"line-blur":{"base":1,"stops":[[14,0],[17,1]]},"line-color":"hsl(50, 100%, 40%)","line-opacity":{"base":1,"stops":[[13,0],[13.25,1]]},"line-width":{"base":1.5,"stops":[[15,2.5],[18,8]]}},"filter":["all",["==","$type","LineString"],["all",["==","structure","bridge"],["==","type","steps"]]],"source":"composite","source-layer":"road","type":"line","id":"bridge-steps-bg"},{"layout":{"line-join":"round"},"paint":{"line-gap-width":0,"line-color":"hsl(230, 24%, 87%)","line-opacity":{"base":1,"stops":[[13.99,0],[14,1]]},"line-width":{"base":1.5,"stops":[[14,2],[18,14.5]]}},"filter":["all",["==","$type","LineString"],["all",["==","class","pedestrian"],["==","structure","bridge"]]],"source":"composite","minzoom":13,"source-layer":"road","type":"line","id":"bridge-pedestrian-case"},{"layout":{"line-cap":"round","line-join":"round"},"paint":{"line-color":"hsl(0, 0%, 100%)","line-opacity":{"stops":[[11.5,0],[12,1],[14,1]]},"line-width":{"base":1.5,"stops":[[12.5,0.5],[14,2],[18,18]]}},"filter":["all",["==","$type","LineString"],["all",["==","structure","bridge"],["in","class","street","street_limited"]]],"source":"composite","minzoom":11,"source-layer":"road","type":"line","id":"bridge-street_limited+low"},{"layout":{"line-join":"round"},"paint":{"line-gap-width":{"base":1.5,"stops":[[15,1],[18,12]]},"line-color":"hsl(50, 100%, 40%)","line-opacity":1,"line-width":{"base":1.5,"stops":[[12,0.75],[20,2]]}},"filter":["all",["==","$type","LineString"],["all",["==","class","track"],["==","structure","bridge"]]],"source":"composite","source-layer":"road","type":"line","id":"bridge-track-case"},{"layout":{"line-join":"round"},"paint":{"line-gap-width":{"base":1.5,"stops":[[14,0.5],[18,12]]},"line-color":"hsl(230, 24%, 87%)","line-opacity":1,"line-width":{"base":1.5,"stops":[[12,0.75],[20,2]]}},"filter":["all",["==","$type","LineString"],["all",["!=","type","trunk_link"],["==","structure","bridge"],["in","class","link","service"]]],"source":"composite","minzoom":14,"source-layer":"road","type":"line","id":"bridge-service-link-case"},{"layout":{"line-join":"round"},"paint":{"line-gap-width":{"base":1.5,"stops":[[13,0],[14,2],[18,18]]},"line-color":"hsl(230, 24%, 87%)","line-opacity":1,"line-width":{"base":1.5,"stops":[[12,0.75],[20,2]]}},"filter":["all",["==","$type","LineString"],["all",["==","class","street_limited"],["==","structure","bridge"]]],"source":"composite","minzoom":11,"source-layer":"road","type":"line","id":"bridge-street_limited-case"},{"layout":{"line-join":"round"},"paint":{"line-gap-width":{"base":1.5,"stops":[[13,0],[14,2],[18,18]]},"line-color":"hsl(230, 24%, 87%)","line-opacity":{"base":1,"stops":[[13,0],[14,1]]},"line-width":{"base":1.5,"stops":[[12,0.75],[20,2]]}},"filter":["all",["==","$type","LineString"],["all",["==","class","street"],["==","structure","bridge"]]],"source":"composite","minzoom":11,"source-layer":"road","type":"line","id":"bridge-street-case"},{"layout":{"line-join":"round"},"paint":{"line-gap-width":{"base":1.5,"stops":[[8.5,0.5],[10,0.75],[18,26]]},"line-translate":[0,0],"line-color":"hsl(230, 24%, 87%)","line-opacity":1,"line-width":{"base":1.2,"stops":[[10,0.75],[18,2]]}},"filter":["all",["==","$type","LineString"],["all",["==","structure","bridge"],["in","class","secondary","tertiary"]]],"source":"composite","source-layer":"road","type":"line","id":"bridge-secondary-tertiary-case"},{"layout":{"line-join":"round"},"paint":{"line-gap-width":{"base":1.5,"stops":[[5,0.75],[18,32]]},"line-translate":[0,0],"line-color":"hsl(230, 24%, 87%)","line-opacity":1,"line-width":{"base":1.5,"stops":[[5,0.75],[16,2]]}},"filter":["all",["==","$type","LineString"],["all",["==","class","primary"],["==","structure","bridge"]]],"source":"composite","source-layer":"road","type":"line","id":"bridge-primary-case"},{"layout":{"line-join":"round"},"paint":{"line-gap-width":{"base":1.5,"stops":[[12,0.5],[14,2],[18,18]]},"line-color":"hsl(0, 0%, 100%)","line-opacity":{"base":1,"stops":[[10.99,0],[11,1]]},"line-width":{"base":1.5,"stops":[[12,0.75],[20,2]]}},"filter":["all",["==","$type","LineString"],["all",["!in","layer",2,3,4,5],["==","structure","bridge"],["==","type","trunk_link"]]],"source":"composite","minzoom":13,"source-layer":"road","type":"line","id":"bridge-trunk_link-case"},{"layout":{"line-join":"round"},"paint":{"line-gap-width":{"base":1.5,"stops":[[12,0.5],[14,2],[18,18]]},"line-color":"hsl(0, 0%, 100%)","line-opacity":1,"line-width":{"base":1.5,"stops":[[12,0.75],[20,2]]}},"filter":["all",["==","$type","LineString"],["all",["!in","layer",2,3,4,5],["==","class","motorway_link"],["==","structure","bridge"]]],"source":"composite","minzoom":13,"source-layer":"road","type":"line","id":"bridge-motorway_link-case"},{"layout":{"line-join":"round"},"paint":{"line-gap-width":{"base":1.5,"stops":[[5,0.75],[18,32]]},"line-color":"hsl(0, 0%, 100%)","line-opacity":1,"line-width":{"base":1.5,"stops":[[5,0.75],[16,2]]}},"filter":["all",["==","$type","LineString"],["all",["!in","layer",2,3,4,5],["==","structure","bridge"],["in","class","motorway","trunk"]]],"source":"composite","source-layer":"road","type":"line","id":"bridge-motorway+trunk-case"},{"layout":{"line-join":"miter"},"paint":{"line-color":"hsl(230, 24%, 87%)","line-dasharray":{"base":1,"stops":[[14,[0.4,0.8]],[15,[0.3,0.6]],[16,[0.2,0.3]],[17,[0.2,0.25]],[18,[0.15,0.15]]]},"line-opacity":{"base":1,"stops":[[13.99,0],[14,1]]},"line-width":{"base":1.5,"stops":[[12.5,0.5],[14,2],[18,18]]}},"filter":["all",["==","$type","LineString"],["all",["==","class","construction"],["==","structure","bridge"]]],"source":"composite","minzoom":14,"source-layer":"road","type":"line","id":"bridge-construction"},{"layout":{"line-join":"round"},"source":"composite","filter":["all",["==","$type","LineString"],["all",["!in","type","piste","steps"],["==","class","path"],["==","structure","bridge"]]],"paint":{"line-blur":{"base":1,"stops":[[14,0],[17,1]]},"line-color":"hsl(50, 100%, 40%)","line-opacity":{"base":1,"stops":[[13,0],[13.25,1],[14,1]]},"line-width":{"base":1.5,"stops":[[15,2.5],[18,8]]}},"source-layer":"road","type":"line","id":"bridge-path-bg"},{"layout":{"line-join":"round"},"paint":{"line-color":"hsl(0, 0%, 100%)","line-opacity":{"base":1,"stops":[[13,0],[13.25,1]]},"line-width":{"base":1.5,"stops":[[15,1],[18,4]]}},"filter":["all",["==","$type","LineString"],["all",["==","class","path"],["==","structure","bridge"],["in","type","cycleway","piste"]]],"source":"composite","source-layer":"road","type":"line","id":"bridge-cycleway-piste"},{"layout":{"line-join":"round"},"source":"composite","filter":["all",["==","$type","LineString"],["all",["==","structure","bridge"],["==","type","steps"]]],"paint":{"line-color":"hsl(0, 0%, 100%)","line-dasharray":{"base":1,"stops":[[14,[4,0.4]],[15,[1.75,0.4]],[16,[0.75,0.4]],[17,[0.3,0.3]]]},"line-opacity":{"base":1,"stops":[[13,0],[13.25,1]]},"line-width":{"base":1.5,"stops":[[15,1],[16,1.6],[18,6]]}},"source-layer":"road","type":"line","id":"bridge-steps"},{"layout":{"line-cap":"round","line-join":"round"},"paint":{"line-color":"hsl(46, 69%, 68%)","line-width":{"base":1.5,"stops":[[12,0.5],[14,2],[18,18]]}},"filter":["all",["==","$type","LineString"],["all",["!in","layer",2,3,4,5],["==","structure","bridge"],["==","type","trunk_link"]]],"source":"composite","minzoom":13,"source-layer":"road","type":"line","id":"bridge-trunk_link"},{"layout":{"line-cap":"round","line-join":"round"},"paint":{"line-color":"hsl(26, 67%, 70%)","line-opacity":1,"line-width":{"base":1.5,"stops":[[12,0.5],[14,2],[18,18]]}},"filter":["all",["==","$type","LineString"],["all",["!in","layer",2,3,4,5],["==","class","motorway_link"],["==","structure","bridge"]]],"source":"composite","minzoom":13,"source-layer":"road","type":"line","id":"bridge-motorway_link"},{"layout":{"line-join":"round"},"paint":{"line-color":"hsl(0, 0%, 100%)","line-dasharray":{"base":1,"stops":[[14,[1,0]],[15,[1.5,0.4]],[16,[1,0.2]]]},"line-opacity":1,"line-width":{"base":1.5,"stops":[[14,0.5],[18,12]]}},"filter":["all",["==","$type","LineString"],["all",["==","class","pedestrian"],["==","structure","bridge"]]],"source":"composite","minzoom":13,"source-layer":"road","type":"line","id":"bridge-pedestrian"},{"layout":{"line-cap":"round","line-join":"round"},"paint":{"line-color":"hsl(0, 0%, 100%)","line-width":{"base":1.5,"stops":[[15,1],[18,12]]}},"filter":["all",["==","$type","LineString"],["all",["==","class","track"],["==","structure","bridge"]]],"source":"composite","source-layer":"road","type":"line","id":"bridge-track"},{"layout":{"line-cap":"round","line-join":"round"},"paint":{"line-color":"hsl(0, 0%, 100%)","line-opacity":1,"line-width":{"base":1.5,"stops":[[14,0.5],[18,12]]}},"filter":["all",["==","$type","LineString"],["all",["!=","type","trunk_link"],["==","structure","bridge"],["in","class","link","service","track"]]],"source":"composite","minzoom":14,"source-layer":"road","type":"line","id":"bridge-service-link"},{"layout":{"line-cap":"round","line-join":"round"},"paint":{"line-color":"hsl(35, 14%, 93%)","line-opacity":{"base":1,"stops":[[13.99,0],[14,1]]},"line-width":{"base":1.5,"stops":[[12.5,0.5],[14,2],[18,18]]}},"filter":["all",["==","$type","LineString"],["all",["==","class","street_limited"],["==","structure","bridge"]]],"source":"composite","minzoom":11,"source-layer":"road","type":"line","id":"bridge-street_limited"},{"layout":{"line-cap":"round","line-join":"round"},"paint":{"line-color":"hsl(0, 0%, 100%)","line-opacity":{"base":1,"stops":[[13,0],[14,1]]},"line-width":{"base":1.5,"stops":[[12.5,0.5],[14,2],[18,18]]}},"filter":["all",["==","$type","LineString"],["all",["==","class","street"],["==","structure","bridge"]]],"source":"composite","minzoom":11,"source-layer":"road","type":"line","id":"bridge-street"},{"layout":{"line-cap":"round","line-join":"round"},"paint":{"line-color":"hsl(0, 0%, 100%)","line-opacity":{"base":1.2,"stops":[[5,0],[5.5,1],[14,1]]},"line-width":{"base":1.5,"stops":[[8.5,0.5],[10,0.75],[18,26]]}},"filter":["all",["==","$type","LineString"],["all",["==","structure","bridge"],["in","type","secondary","tertiary"]]],"source":"composite","source-layer":"road","type":"line","id":"bridge-secondary-tertiary"},{"layout":{"line-cap":"round","line-join":"round"},"paint":{"line-color":"hsl(0, 0%, 100%)","line-opacity":{"base":1.2,"stops":[[4.5,0],[5,0],[5.5,1],[13,1]]},"line-width":{"base":1.5,"stops":[[5,0.75],[18,32]]}},"filter":["all",["==","$type","LineString"],["all",["==","structure","bridge"],["==","type","primary"]]],"source":"composite","source-layer":"road","type":"line","id":"bridge-primary"},{"layout":{"symbol-placement":"line","icon-padding":2,"icon-image":{"base":1,"stops":[[17,"oneway-small"],[18,"oneway-large"]]},"icon-rotation-alignment":"map","symbol-spacing":200},"filter":["all",["==","$type","LineString"],["all",["==","oneway","true"],["==","structure","bridge"],["in","class","link","path","pedestrian","primary","secondary","service","street","street_limited","tertiary","track"]]],"source":"composite","minzoom":15,"source-layer":"road","type":"symbol","id":"bridge-oneway-arrows-blue-major+minor"},{"layout":{"line-cap":"round","line-join":"round"},"paint":{"line-color":"hsl(46, 69%, 68%)","line-opacity":1,"line-width":{"base":1.5,"stops":[[5,0.75],[18,32]]}},"filter":["all",["==","$type","LineString"],["all",["!in","layer",2,3,4,5],["==","class","trunk"],["==","structure","bridge"]]],"source":"composite","source-layer":"road","type":"line","id":"bridge-trunk"},{"layout":{"line-cap":"round","line-join":"round"},"paint":{"line-color":"hsl(26, 67%, 70%)","line-opacity":1,"line-width":{"base":1.5,"stops":[[5,0.75],[18,32]]}},"filter":["all",["==","$type","LineString"],["all",["!in","layer",2,3,4,5],["==","class","motorway"],["==","structure","bridge"]]],"source":"composite","source-layer":"road","type":"line","id":"bridge-motorway"},{"layout":{"line-join":"round"},"paint":{"line-color":{"stops":[[13,"hsl(50, 17%, 82%)"],[16,"hsl(230, 10%, 74%)"]]},"line-width":{"base":1.5,"stops":[[14,0.5],[20,1]]}},"filter":["all",["==","$type","LineString"],["all",["==","structure","bridge"],["in","class","major_rail","minor_rail"]]],"source":"composite","minzoom":13,"source-layer":"road","type":"line","id":"bridge-rail"},{"layout":{"line-join":"round"},"paint":{"line-color":{"stops":[[13,"hsl(50, 17%, 82%)"],[16,"hsl(230, 10%, 74%)"]]},"line-dasharray":[0,15],"line-opacity":{"base":1,"stops":[[13.75,0],[20,1]]},"line-width":{"base":1.5,"stops":[[14,4],[20,8]]}},"filter":["all",["==","$type","LineString"],["all",["==","structure","bridge"],["in","class","major_rail","minor_rail"]]],"source":"composite","minzoom":13,"source-layer":"road","type":"line","id":"bridge-rail-tracks"},{"layout":{"line-join":"round"},"paint":{"line-gap-width":{"base":1.5,"stops":[[12,0.5],[14,2],[18,18]]},"line-color":"hsl(0, 0%, 100%)","line-opacity":{"base":1,"stops":[[10.99,0],[11,1]]},"line-width":{"base":1.5,"stops":[[12,0.75],[20,2]]}},"filter":["all",["==","$type","LineString"],["all",["==","structure","bridge"],["==","type","trunk_link"],[">=","layer",2]]],"source":"composite","minzoom":13,"source-layer":"road","type":"line","id":"bridge-trunk_link-2-case"},{"layout":{"line-join":"round"},"paint":{"line-gap-width":{"base":1.5,"stops":[[12,0.5],[14,2],[18,18]]},"line-color":"hsl(0, 0%, 100%)","line-opacity":1,"line-width":{"base":1.5,"stops":[[12,0.75],[20,2]]}},"filter":["all",["==","$type","LineString"],["all",["==","class","motorway_link"],["==","structure","bridge"],[">=","layer",2]]],"source":"composite","minzoom":13,"source-layer":"road","type":"line","id":"bridge-motorway_link-2-case"},{"layout":{"line-join":"round"},"paint":{"line-gap-width":{"base":1.5,"stops":[[5,0.75],[18,32]]},"line-color":"hsl(0, 0%, 100%)","line-opacity":1,"line-width":{"base":1.5,"stops":[[10,1],[16,2]]}},"filter":["all",["==","$type","LineString"],["all",["==","structure","bridge"],[">=","layer",2],["in","class","motorway","trunk"]]],"source":"composite","source-layer":"road","type":"line","id":"bridge-motorway+trunk-2-case"},{"layout":{"line-cap":"round","line-join":"round"},"paint":{"line-color":"hsl(46, 69%, 68%)","line-width":{"base":1.5,"stops":[[12,0.5],[14,2],[18,18]]}},"filter":["all",["==","$type","LineString"],["all",["==","structure","bridge"],["==","type","trunk_link"],[">=","layer",2]]],"source":"composite","minzoom":13,"source-layer":"road","type":"line","id":"bridge-trunk_link-2"},{"layout":{"line-cap":"round","line-join":"round"},"paint":{"line-color":"hsl(26, 67%, 70%)","line-opacity":1,"line-width":{"base":1.5,"stops":[[12,0.5],[14,2],[18,18]]}},"filter":["all",["==","$type","LineString"],["all",["==","class","motorway_link"],["==","structure","bridge"],[">=","layer",2]]],"source":"composite","minzoom":13,"source-layer":"road","type":"line","id":"bridge-motorway_link-2"},{"layout":{"line-cap":"round","line-join":"round"},"paint":{"line-color":"hsl(46, 69%, 68%)","line-width":{"base":1.5,"stops":[[5,0.75],[18,32]]}},"filter":["all",["==","$type","LineString"],["all",["==","class","trunk"],["==","structure","bridge"],[">=","layer",2]]],"source":"composite","source-layer":"road","type":"line","id":"bridge-trunk-2"},{"layout":{"line-cap":"round","line-join":"round"},"paint":{"line-color":"hsl(26, 67%, 70%)","line-opacity":1,"line-width":{"base":1.5,"stops":[[5,0.75],[18,32]]}},"filter":["all",["==","$type","LineString"],["all",["==","class","motorway"],["==","structure","bridge"],[">=","layer",2]]],"source":"composite","source-layer":"road","type":"line","id":"bridge-motorway-2"},{"layout":{"icon-image":{"base":1,"stops":[[16,"oneway-white-small"],[17,"oneway-white-large"]]},"symbol-spacing":200,"symbol-placement":"line","icon-padding":2},"paint":{"icon-opacity":0.5},"filter":["all",["==","$type","LineString"],["all",["!in","type","primary_link","secondary_link","tertiary_link"],["==","oneway","true"],["==","structure","bridge"],["in","class","link","trunk"]]],"source":"composite","minzoom":16,"source-layer":"road","type":"symbol","id":"bridge-oneway-arrows-white"},{"layout":{"line-join":"round"},"paint":{"line-blur":0.5,"line-color":"hsl(0, 0%, 100%)","line-width":{"base":1.5,"stops":[[14,2.5],[20,3]]}},"filter":["all",["==","$type","LineString"],["==","class","aerialway"]],"source":"composite","minzoom":13,"source-layer":"road","type":"line","id":"aerialway-bg"},{"layout":{"line-join":"round"},"paint":{"line-color":"hsl(230, 4%, 29%)","line-width":{"base":1.5,"stops":[[14,0.5],[20,1]]}},"filter":["all",["==","$type","LineString"],["==","class","aerialway"]],"source":"composite","minzoom":13,"source-layer":"road","type":"line","id":"aerialway"},{"layout":{"line-join":"bevel"},"paint":{"line-blur":{"base":1,"stops":[[3,0],[8,3]]},"line-color":{"base":1,"stops":[[8,"hsl(35, 12%, 89%)"],[16,"hsl(230, 49%, 90%)"]]},"line-translate":[0,0],"line-dasharray":[1,0],"line-opacity":{"base":1,"stops":[[7,0],[8,0.75]]},"line-width":{"base":1,"stops":[[7,3.75],[12,5.5]]}},"filter":["all",["!=","iso_3166_1","MV"],["==","maritime",0],[">=","admin_level",3]],"source":"composite","source-layer":"admin","type":"line","id":"admin-3-4-boundaries-bg"},{"layout":{"line-join":"miter"},"paint":{"line-translate":[0,0],"line-color":{"base":1,"stops":[[6,"hsl(35, 12%, 89%)"],[8,"hsl(230, 49%, 90%)"]]},"line-blur":{"base":1,"stops":[[3,0],[10,2]]},"line-opacity":{"base":1,"stops":[[3,0],[4,0.5]]},"line-width":{"base":1,"stops":[[3,3.5],[10,8]]}},"filter":["all",["!=","iso_3166_1","CN-PH"],["==","admin_level",2],["==","maritime",0]],"source":"composite","minzoom":1,"source-layer":"admin","type":"line","id":"admin-2-boundaries-bg"},{"layout":{"line-cap":"round","line-join":"round"},"paint":{"line-color":{"base":1,"stops":[[3,"hsl(230, 14%, 77%)"],[7,"hsl(230, 8%, 62%)"]]},"line-dasharray":{"base":1,"stops":[[6,[2,0]],[7,[2,2,6,2]]]},"line-opacity":{"base":1,"stops":[[4,0],[4.25,1]]},"line-width":{"base":1,"stops":[[7,0.75],[12,1.5]]}},"filter":["all",["!=","iso_3166_1","MV"],["==","maritime",0],[">=","admin_level",3]],"source":"composite","source-layer":"admin","type":"line","id":"admin-3-4-boundaries"},{"layout":{"line-cap":"round","line-join":"round"},"paint":{"line-color":"hsl(230, 8%, 51%)","line-opacity":{"base":1,"stops":[[1,0],[1.25,1]]},"line-width":{"base":1,"stops":[[3,0.5],[10,2]]}},"filter":["all",["!=","iso_3166_1","CN-PH"],["==","admin_level",2],["==","disputed",0],["==","maritime",0]],"source":"composite","minzoom":1,"source-layer":"admin","type":"line","id":"admin-2-boundaries"},{"layout":{"line-join":"round"},"paint":{"line-color":"hsl(230, 8%, 51%)","line-dasharray":[1.5,1.5],"line-width":{"base":1,"stops":[[3,0.5],[10,2]]}},"filter":["all",["==","admin_level",2],["==","disputed",1],["==","maritime",0]],"source":"composite","minzoom":1,"source-layer":"admin","type":"line","id":"admin-2-boundaries-dispute"},{"paint":{"raster-opacity":{"base":1.93,"stops":[[15.5,0],[17,0.5]]}},"source":"mapbox://mapbox.satellite","minzoom":15.5,"type":"raster","id":"mapbox-mapbox-satellite"},{"layout":{"line-join":"round"},"source":"composite","filter":["all",["==","$type","LineString"],["all",["!in","structure","bridge","tunnel"],["==","type","steps"]]],"paint":{"line-blur":{"base":1,"stops":[[14,0],[17,1]]},"line-color":"hsl(50, 100%, 40%)","line-opacity":{"base":1,"stops":[[13,0],[13.25,0.25]]},"line-width":{"base":1.5,"stops":[[15,2.5],[18,8]]}},"source-layer":"road","type":"line","id":"road-steps-bg"},{"layout":{"line-join":"round"},"source":"composite","filter":["all",["==","$type","LineString"],["all",["!in","structure","bridge","tunnel"],["==","type","steps"]]],"paint":{"line-color":"hsl(0, 0%, 100%)","line-dasharray":{"base":1,"stops":[[14,[4,0.4]],[15,[1.75,0.4]],[16,[0.75,0.4]],[17,[0.3,0.3]]]},"line-opacity":{"base":1,"stops":[[13,0],[13.25,1]]},"line-width":{"base":1.5,"stops":[[15,1],[16,1.6],[18,6]]}},"source-layer":"road","type":"line","id":"road-steps"},{"layout":{"line-join":"round"},"paint":{"line-blur":{"base":1,"stops":[[14,0],[17,1]]},"line-color":"hsl(50, 100%, 40%)","line-opacity":{"base":1,"stops":[[14,0],[14.5,1]]},"line-width":{"base":1.5,"stops":[[15,2.5],[18,8]]}},"filter":["all",["==","$type","LineString"],["all",["!in","structure","bridge","tunnel"],["!in","type","corridor","crossing","cycleway","piste","sidewalk","steps"],["==","class","path"]]],"source":"composite","source-layer":"road","type":"line","id":"road-path-bg"},{"layout":{"line-join":"round"},"paint":{"line-color":"hsl(0, 0%, 100%)","line-dasharray":{"base":1,"stops":[[14,[4,0.4]],[15,[3,0.4]],[16,[3,0.35]],[17,[3,0.35]]]},"line-opacity":{"base":1,"stops":[[14,0],[14.5,1]]},"line-width":{"base":1.5,"stops":[[15,1],[18,4]]}},"filter":["all",["==","$type","LineString"],["all",["!in","structure","bridge","tunnel"],["==","class","path"],["in","type","bridleway","footway","path"]]],"source":"composite","source-layer":"road","type":"line","id":"road-path-smooth"},{"layout":{"line-join":"round"},"paint":{"line-color":"hsl(0, 0%, 100%)","line-dasharray":{"base":1,"stops":[[14,[4,0.4]],[15,[1.75,0.4]],[16,[1,0.4]],[17,[1,0.35]]]},"line-opacity":{"base":1,"stops":[[13,0],[13.25,1]]},"line-width":{"base":1.5,"stops":[[15,1],[18,4]]}},"filter":["all",["==","$type","LineString"],["all",["!in","structure","bridge","tunnel"],["==","class","path"],["in","type","hiking","mountain_bike","trail"]]],"source":"composite","source-layer":"road","type":"line","id":"road-path-rough"},{"layout":{"line-join":"round"},"paint":{"line-color":"hsl(0, 0%, 100%)","line-dasharray":{"base":1,"stops":[[14,[1,0]],[15,[1.5,0.4]],[16,[1,0.2]]]},"line-opacity":{"base":1,"stops":[[15,1],[17,0.53]]},"line-width":{"base":1.5,"stops":[[14,0.5],[18,12]]}},"filter":["all",["==","$type","LineString"],["all",["==","class","pedestrian"],["==","structure","none"]]],"source":"composite","minzoom":12,"source-layer":"road","type":"line","id":"road-pedestrian"},{"layout":{"line-join":"round"},"paint":{"line-color":"hsl(0, 0%, 100%)","line-dasharray":{"base":1,"stops":[[14,[4,0.4]],[15,[3,0.4]],[16,[3,0.35]],[17,[3,0.35]]]},"line-opacity":{"base":1,"stops":[[13,0],[13.25,1]]},"line-width":{"base":1.5,"stops":[[15,1],[18,4]]}},"filter":["all",["==","$type","LineString"],["all",["!in","type","cycleway","piste","steps"],["==","class","path"],["==","structure","bridge"]]],"source":"composite","source-layer":"road","type":"line","id":"bridge-path"},{"paint":{"background-opacity":0,"background-color":"hsl(35, 32%, 91%)"},"id":"sc-heat-insert","type":"background"},{"layout":{"text-font":["DIN Offc Pro Italic","Arial Unicode MS Regular"],"text-size":{"base":1,"stops":[[13,12],[18,16]]},"text-max-angle":30,"text-field":"{name_ar}","symbol-placement":"line"},"paint":{"text-halo-blur":0.5,"text-color":"hsl(230, 48%, 44%)","text-halo-width":{"base":1,"stops":[[14,0.5],[15,2]]},"text-halo-color":"hsl(196, 100%, 91%)"},"filter":["in","class","canal","river"],"source":"composite","minzoom":12,"source-layer":"waterway_label","type":"symbol","id":"waterway-label"},{"layout":{"text-letter-spacing":0.01,"text-max-angle":30,"symbol-placement":"line","text-padding":1,"text-font":["DIN Offc Pro Regular","Arial Unicode MS Regular"],"text-field":"{name_ar}","text-rotation-alignment":"map","text-size":{"base":1,"stops":[[15,10],[20,13]]},"symbol-spacing":250},"paint":{"text-halo-blur":{"base":1,"stops":[[14,1],[15,0]]},"text-color":"hsl(0, 0%, 0%)","text-halo-width":{"base":1,"stops":[[14,1.25],[15,2]]},"text-halo-color":"hsl(0, 0%, 100%)"},"filter":["all",["!in","class","aerialway","link","motorway","path","pedestrian","primary","secondary","street","street_limited","tertiary","trunk"],["==","$type","LineString"]],"source":"composite","minzoom":15,"source-layer":"road_label","type":"symbol","id":"road-label-small"},{"layout":{"text-letter-spacing":0.01,"text-max-angle":30,"symbol-placement":"line","text-padding":1,"text-font":["DIN Offc Pro Regular","Arial Unicode MS Regular"],"text-field":"{name_ar}","text-rotation-alignment":"map","text-size":{"base":1,"stops":[[11,10],[20,14]]},"symbol-spacing":250},"paint":{"text-color":"hsl(0, 0%, 0%)","text-halo-width":{"base":1,"stops":[[14,1],[15,3]]},"text-halo-color":"hsl(0, 0%, 100%)","text-opacity":{"base":1,"stops":[[13,0],[13.25,1],[15,1]]}},"filter":["all",["==","$type","LineString"],["in","class","aerialway","link","path","pedestrian","street","street_limited"]],"source":"composite","minzoom":11,"source-layer":"road_label","type":"symbol","id":"road-label-medium"},{"layout":{"text-letter-spacing":0.01,"text-max-angle":30,"symbol-placement":"line","text-padding":1,"text-font":["DIN Offc Pro Regular","Arial Unicode MS Regular"],"text-field":"{name_ar}","text-rotation-alignment":"map","text-size":{"base":1,"stops":[[9,10],[20,16]]},"symbol-spacing":250},"paint":{"text-halo-blur":{"base":1,"stops":[[14,1],[15,0]]},"text-color":"hsl(0, 0%, 0%)","text-halo-width":{"base":1,"stops":[[14,1],[15,3]]},"text-halo-color":{"base":1,"stops":[[14,"rgba(255,255,255, 0.75)"],[15,"hsl(0, 0%, 100%)"]]},"text-opacity":{"base":1,"stops":[[12,0],[12.25,1],[15.75,1]]}},"filter":["in","class","motorway","primary","secondary","tertiary","trunk"],"source":"composite","source-layer":"road_label","type":"symbol","id":"road-label-large"},{"layout":{"text-letter-spacing":0.05,"text-max-angle":38,"symbol-placement":{"base":1,"stops":[[10,"point"],[11,"line"]]},"icon-padding":2,"text-padding":2,"text-font":["DIN Offc Pro Bold","Arial Unicode MS Bold"],"icon-image":"{shield}-{reflen}","text-field":"{ref}","icon-rotation-alignment":"viewport","text-rotation-alignment":"viewport","text-size":9,"symbol-spacing":{"base":1,"stops":[[11,150],[14,200]]}},"paint":{"text-opacity":{"base":1,"stops":[[11,0],[11.25,1]]},"icon-opacity":{"base":1,"stops":[[11,0],[11.25,1]]},"text-halo-width":0,"icon-halo-color":"rgba(0, 0, 0, 1)","text-color":"hsl(230, 21%, 37%)","icon-halo-width":1,"icon-color":"white","text-halo-color":"hsl(0, 0%, 100%)"},"filter":["all",["!in","shield","at-expressway","at-motorway","at-state-b","bg-motorway","bg-national","ch-main","ch-motorway","cz-motorway","cz-road","de-motorway","e-road","fi-main","gr-motorway","gr-national","hr-motorway","hr-state","hu-main","hu-motorway","nz-state","pl-expressway","pl-motorway","pl-national","ro-county","ro-motorway","ro-national","rs-motorway","rs-state-1b","se-main","si-expressway","si-motorway","sk-highway","sk-road","us-interstate","us-interstate-business","us-interstate-duplex","us-interstate-truck","za-metropolitan","za-national","za-provincial","za-regional"],["<=","reflen",6]],"source":"composite","source-layer":"road_label","type":"symbol","id":"road-shields-black"},{"layout":{"text-letter-spacing":0.05,"text-max-angle":38,"symbol-placement":{"base":1,"stops":[[10,"point"],[11,"line"]]},"icon-padding":2,"text-padding":2,"text-font":["DIN Offc Pro Bold","Arial Unicode MS Bold"],"icon-image":"{shield}-{reflen}","text-field":"{ref}","icon-rotation-alignment":"viewport","text-rotation-alignment":"viewport","text-size":9,"symbol-spacing":{"base":1,"stops":[[11,150],[14,200]]}},"paint":{"text-opacity":{"base":1,"stops":[[9,0],[9.25,1]]},"icon-opacity":{"base":1,"stops":[[9,0],[9.25,1]]},"text-halo-width":0,"icon-halo-color":"rgba(0, 0, 0, 1)","text-color":"hsl(0, 0%, 100%)","icon-halo-width":1,"icon-color":"white","text-halo-color":"hsl(0, 0%, 100%)"},"filter":["all",["<=","reflen",6],["in","shield","at-expressway","at-motorway","at-state-b","bg-motorway","bg-national","ch-main","ch-motorway","cz-motorway","cz-road","de-motorway","e-road","fi-main","gr-motorway","gr-national","hr-motorway","hr-state","hu-main","hu-motorway","nz-state","pl-expressway","pl-motorway","pl-national","ro-county","ro-motorway","ro-national","rs-motorway","rs-state-1b","se-main","si-expressway","si-motorway","sk-highway","sk-road","us-interstate","us-interstate-business","us-interstate-duplex","us-interstate-truck","za-metropolitan","za-national","za-provincial","za-regional"]],"source":"composite","source-layer":"road_label","type":"symbol","id":"road-shields-white"},{"layout":{"text-letter-spacing":0.01,"text-line-height":1.1,"text-font":["DIN Offc Pro Medium","Arial Unicode MS Regular"],"text-anchor":"top","icon-image":"{maki}-15","text-field":"{name_ar}","text-offset":[0,0.65],"text-size":{"base":1,"stops":[[10,11],[18,14]]},"text-max-width":8},"paint":{"text-halo-blur":0.5,"text-color":"hsl(100, 100%, 20%)","text-halo-width":0.5,"text-halo-color":"hsl(0, 0%, 100%)"},"source":"composite","source-layer":"mountain_peak_label","type":"symbol","id":"mountain-peak-label"},{"layout":{"text-letter-spacing":0.01,"icon-size":1,"text-line-height":1.1,"text-font":["DIN Offc Pro Medium","Arial Unicode MS Regular"],"text-anchor":"top","icon-image":"{maki}-15","text-field":"{name_ar}","text-offset":[0,1.5],"text-size":{"base":1,"stops":[[10,11],[18,14]]},"text-max-width":8},"source":"composite","filter":[">","elevation_m",0],"paint":{"text-halo-blur":0.5,"text-color":"hsl(100, 100%, 20%)","text-halo-width":{"base":1,"stops":[[14,0.5],[15,2]]},"text-halo-color":"hsl(0, 0%, 100%)"},"source-layer":"mountain_peak_label","type":"symbol","id":"mountain-peak-label-with-elevation"},{"layout":{"text-font":["DIN Offc Pro Italic","Arial Unicode MS Regular"],"text-size":{"base":1,"stops":[[16,13],[20,16]]},"text-field":"{name_ar}","text-max-width":7},"paint":{"text-color":"hsl(230, 48%, 44%)","text-halo-width":2,"text-halo-color":"hsla(0, 0%, 100%, 0.95)"},"filter":["<=","area",10000],"source":"composite","minzoom":15,"source-layer":"water_label","type":"symbol","id":"water-label-sm"},{"layout":{"text-font":["DIN Offc Pro Italic","Arial Unicode MS Regular"],"text-size":{"base":1,"stops":[[13,13],[18,18]]},"text-field":"{name_ar}","text-max-width":7},"paint":{"text-halo-blur":0,"text-color":"hsl(0, 0%, 100%)","text-halo-width":1,"text-halo-color":"hsla(0, 0%, 0%, 0.28)"},"filter":[">","area",10000],"source":"composite","minzoom":5,"source-layer":"water_label","type":"symbol","id":"water-label"},{"layout":{"text-letter-spacing":0.01,"icon-size":1,"text-padding":2,"text-font":["DIN Offc Pro Medium","Arial Unicode MS Regular"],"text-anchor":"top","icon-image":{"stops":[[12,"{maki}-11"],[13,"{maki}-15"]]},"text-field":{"stops":[[11,"{ref}"],[12,"{name_ar}"]]},"text-line-height":1.1,"text-offset":[0,1.5],"text-rotation-alignment":"viewport","text-size":{"base":1,"stops":[[10,12],[18,18]]},"text-max-width":9,"symbol-spacing":250},"paint":{"text-opacity":{"base":1,"stops":[[10,0],[10.25,1]]},"icon-opacity":{"base":1,"stops":[[10,0],[10.25,1]]},"text-halo-blur":0.5,"text-halo-width":0.5,"text-color":"hsl(230, 48%, 44%)","text-halo-color":"hsl(0, 0%, 100%)"},"filter":["<=","scalerank",2],"source":"composite","minzoom":9,"source-layer":"airport_label","type":"symbol","id":"airport-label"},{"layout":{"text-letter-spacing":0.01,"text-max-angle":38,"text-line-height":1.2,"text-font":["DIN Offc Pro Regular","Arial Unicode MS Regular"],"text-field":"{name_ar}","text-padding":2,"text-offset":[0,0],"text-rotation-alignment":"viewport","text-size":{"base":1,"stops":[[10,11],[18,16]]},"text-max-width":8,"symbol-spacing":250},"paint":{"text-color":"hsl(230, 29%, 35%)","text-halo-width":1,"text-halo-color":"hsl(0, 0%, 100%)"},"filter":["in","type","aboriginal_lands","archipelago","islet"],"source":"composite","source-layer":"place_label","maxzoom":16,"type":"symbol","id":"place-islet-archipelago-aboriginal"},{"layout":{"text-max-angle":38,"text-line-height":1.2,"text-font":["DIN Offc Pro Regular","Arial Unicode MS Regular"],"text-field":"{name_ar}","text-padding":2,"text-offset":[0,0],"text-rotation-alignment":"viewport","text-size":{"base":1,"stops":[[10,11],[18,14]]},"text-max-width":7,"symbol-spacing":250},"paint":{"text-halo-blur":0.5,"text-color":"hsl(26, 25%, 32%)","text-halo-width":{"base":1,"stops":[[14,1],[15,2]]},"text-halo-color":"hsl(0, 0%, 100%)"},"filter":["all",["all",["<=","localrank",10],["==","type","residential"]],["in","$type","LineString","Point","Polygon"]],"source":"composite","source-layer":"place_label","maxzoom":18,"type":"symbol","id":"place-residential"},{"layout":{"text-letter-spacing":0.1,"text-padding":3,"text-font":["DIN Offc Pro Regular","Arial Unicode MS Regular"],"text-size":{"base":1,"stops":[[12,11],[16,16]]},"text-field":"{name_ar}","text-transform":"uppercase","text-max-width":7},"paint":{"text-halo-blur":0.5,"text-color":"hsl(230, 29%, 35%)","text-halo-width":1,"text-halo-color":"hsl(0, 0%, 100%)","text-opacity":{"base":1,"stops":[[11,0],[11.25,1]]}},"filter":["==","type","neighbourhood"],"source":"composite","minzoom":10,"source-layer":"place_label","maxzoom":16,"type":"symbol","id":"place-neighbourhood"},{"layout":{"text-letter-spacing":0.15,"text-padding":3,"text-font":["DIN Offc Pro Regular","Arial Unicode MS Regular"],"text-size":{"base":1,"stops":[[11,11],[15,18]]},"text-field":"{name_ar}","text-transform":"uppercase","text-max-width":7},"paint":{"text-halo-blur":0.5,"text-color":"hsl(230, 29%, 35%)","text-halo-width":1,"text-halo-color":"hsl(0, 0%, 100%)"},"filter":["==","type","suburb"],"source":"composite","minzoom":10,"source-layer":"place_label","maxzoom":16,"type":"symbol","id":"place-suburb"},{"layout":{"text-font":["DIN Offc Pro Regular","Arial Unicode MS Regular"],"text-size":{"base":1,"stops":[[12,11.5],[15,16]]},"text-field":"{name_ar}"},"paint":{"text-color":"hsl(0, 0%, 0%)","text-halo-width":1.25,"text-halo-color":"hsl(0, 0%, 100%)","text-opacity":{"base":1,"stops":[[11,0],[11.25,1]]}},"filter":["==","type","hamlet"],"source":"composite","minzoom":10,"source-layer":"place_label","maxzoom":16,"type":"symbol","id":"place-hamlet"},{"layout":{"text-font":["DIN Offc Pro Regular","Arial Unicode MS Regular"],"text-size":{"base":1,"stops":[[10,11.5],[16,18]]},"text-field":"{name_ar}","text-max-width":7},"paint":{"text-color":"hsl(0, 0%, 0%)","text-halo-width":1.25,"text-halo-color":"hsl(0, 0%, 100%)","text-opacity":{"base":1,"stops":[[11,0],[11.25,1]]}},"filter":["==","type","village"],"source":"composite","minzoom":8,"source-layer":"place_label","maxzoom":15,"type":"symbol","id":"place-village"},{"layout":{"text-font":{"base":1,"stops":[[11,["DIN Offc Pro Regular","Arial Unicode MS Regular"]],[12,["DIN Offc Pro Medium","Arial Unicode MS Regular"]]]},"text-anchor":{"base":1,"stops":[[7,"bottom"],[8,"center"]]},"icon-image":"dot-9","text-field":"{name_ar}","text-offset":{"base":1,"stops":[[7,[0,-0.15]],[8,[0,0]]]},"text-size":{"base":1,"stops":[[7,11.5],[15,20]]},"text-max-width":7},"paint":{"text-color":"hsl(0, 0%, 0%)","text-opacity":{"base":1,"stops":[[7,0],[7.1,1]]},"text-halo-width":1.25,"text-halo-color":"hsl(0, 0%, 100%)","icon-opacity":{"base":1,"stops":[[7,0],[7.1,1],[7.99,1],[8,0]]}},"filter":["==","type","town"],"source":"composite","minzoom":6,"source-layer":"place_label","maxzoom":15,"type":"symbol","id":"place-town"},{"layout":{"text-letter-spacing":0.01,"text-max-angle":38,"text-line-height":1.2,"text-font":["DIN Offc Pro Regular","Arial Unicode MS Regular"],"text-field":"{name_ar}","text-padding":2,"text-offset":[0,0],"text-rotation-alignment":"viewport","text-size":{"base":1,"stops":[[10,11],[18,16]]},"text-max-width":7,"symbol-spacing":250},"paint":{"text-color":"hsl(230, 29%, 35%)","text-halo-width":1,"text-halo-color":"hsl(0, 0%, 100%)"},"filter":["==","type","island"],"source":"composite","source-layer":"place_label","maxzoom":16,"type":"symbol","id":"place-island"},{"layout":{"text-font":{"base":1,"stops":[[7,["DIN Offc Pro Regular","Arial Unicode MS Regular"]],[8,["DIN Offc Pro Medium","Arial Unicode MS Regular"]]]},"text-anchor":{"base":1,"stops":[[7,"bottom"],[8,"center"]]},"icon-image":"dot-9","text-field":"{name_ar}","text-offset":{"base":1,"stops":[[7.99,[0,-0.2]],[8,[0,0]]]},"text-size":{"base":1,"stops":[[6,12],[14,22]]},"text-max-width":7},"paint":{"text-color":"hsl(0, 0%, 0%)","text-opacity":{"base":1,"stops":[[6,0],[6.25,1]]},"text-halo-width":1.25,"text-halo-color":"hsl(0, 0%, 100%)","icon-opacity":{"base":1,"stops":[[6,0],[6.25,1],[7.99,1],[8,0]]}},"filter":["all",["!in","scalerank",0,1,2,3,4,5],["==","type","city"]],"source":"composite","source-layer":"place_label","maxzoom":14,"type":"symbol","id":"place-city-sm"},{"layout":{"text-font":{"base":1,"stops":[[7,["DIN Offc Pro Regular","Arial Unicode MS Regular"]],[8,["DIN Offc Pro Medium","Arial Unicode MS Regular"]]]},"text-anchor":{"base":1,"stops":[[7,"top"],[8,"center"]]},"icon-image":"dot-10","text-field":"{name_ar}","text-offset":{"base":1,"stops":[[7.99,[0,0.1]],[8,[0,0]]]},"text-size":{"base":0.9,"stops":[[5,12],[12,22]]}},"paint":{"text-opacity":{"base":1,"stops":[[4,0],[4.25,1]]},"icon-opacity":{"base":1,"stops":[[4,0],[4.25,1],[7.99,1],[8,0]]},"text-halo-blur":1,"text-halo-width":1,"text-color":"hsl(0, 0%, 0%)","text-halo-color":"hsl(0, 0%, 100%)"},"filter":["all",["==","type","city"],["in","ldir","E","S","SE","SW"],["in","scalerank",3,4,5]],"source":"composite","source-layer":"place_label","maxzoom":14,"type":"symbol","id":"place-city-md-s"},{"layout":{"text-font":{"base":1,"stops":[[7,["DIN Offc Pro Regular","Arial Unicode MS Regular"]],[8,["DIN Offc Pro Medium","Arial Unicode MS Regular"]]]},"text-anchor":{"base":1,"stops":[[7,"bottom"],[8,"center"]]},"icon-image":"dot-10","text-field":"{name_ar}","text-offset":{"base":1,"stops":[[7.99,[0,-0.25]],[8,[0,0]]]},"text-size":{"base":0.9,"stops":[[5,12],[12,22]]},"text-max-width":7},"paint":{"text-opacity":{"base":1,"stops":[[5,0],[5.25,1]]},"icon-opacity":{"base":1,"stops":[[5,0],[5.25,1],[7.99,1],[8,0]]},"text-halo-blur":1,"text-halo-width":1,"text-color":"hsl(0, 0%, 0%)","text-halo-color":"hsl(0, 0%, 100%)"},"filter":["all",["==","type","city"],["in","ldir","N","NE","NW","W"],["in","scalerank",3,4,5]],"source":"composite","source-layer":"place_label","maxzoom":14,"type":"symbol","id":"place-city-md-n"},{"layout":{"text-font":{"base":1,"stops":[[7,["DIN Offc Pro Regular","Arial Unicode MS Regular"]],[8,["DIN Offc Pro Medium","Arial Unicode MS Regular"]]]},"text-anchor":{"base":1,"stops":[[7,"top"],[8,"center"]]},"icon-image":"dot-11","text-field":"{name_ar}","text-offset":{"base":1,"stops":[[7.99,[0,0.15]],[8,[0,0]]]},"text-size":{"base":0.9,"stops":[[4,12],[10,22]]},"text-max-width":7},"paint":{"text-opacity":{"base":1,"stops":[[4,0],[4.25,1]]},"icon-opacity":{"base":1,"stops":[[4,0],[4.25,1],[7.99,1],[8,0]]},"text-halo-blur":1,"text-halo-width":1,"text-color":"hsl(0, 0%, 0%)","text-halo-color":"hsl(0, 0%, 100%)"},"filter":["all",["<=","scalerank",2],["==","type","city"],["in","ldir","E","S","SE","SW"]],"source":"composite","minzoom":1,"source-layer":"place_label","maxzoom":14,"type":"symbol","id":"place-city-lg-s"},{"layout":{"icon-size":1,"text-font":{"base":1,"stops":[[7,["DIN Offc Pro Regular","Arial Unicode MS Regular"]],[8,["DIN Offc Pro Medium","Arial Unicode MS Regular"]]]},"text-anchor":{"base":1,"stops":[[7,"bottom"],[8,"center"]]},"icon-image":"dot-11","text-field":"{name_ar}","text-offset":{"base":1,"stops":[[7,[0,-0.25]],[8,[0,0]]]},"text-size":{"base":0.9,"stops":[[4,12],[10,22]]},"text-max-width":7},"paint":{"text-opacity":{"base":1,"stops":[[4,0],[4.25,1]]},"icon-opacity":{"base":1,"stops":[[4,0],[4.25,1],[7.75,1],[8,0]]},"text-halo-blur":1,"text-halo-width":1,"text-color":"hsl(0, 0%, 0%)","text-halo-color":"hsl(0, 0%, 100%)"},"filter":["all",["<=","scalerank",2],["==","type","city"],["in","ldir","N","NE","NW","W"]],"source":"composite","minzoom":1,"source-layer":"place_label","maxzoom":14,"type":"symbol","id":"place-city-lg-n"},{"layout":{"text-letter-spacing":0.1,"symbol-placement":"line","text-line-height":1.1,"text-font":["DIN Offc Pro Italic","Arial Unicode MS Regular"],"text-field":"{name_ar}","text-size":{"base":1,"stops":[[3,12],[6,16]]},"text-max-width":5,"symbol-spacing":{"base":1,"stops":[[4,100],[6,400]]}},"paint":{"text-color":"hsl(205, 83%, 88%)","text-opacity":{"base":1,"stops":[[5,0],[5.25,1]]}},"filter":["all",["==","$type","LineString"],["all",["!=","name","Persian Gulf"],[">=","labelrank",4]]],"source":"composite","minzoom":3,"source-layer":"marine_label","maxzoom":10,"type":"symbol","id":"marine-label-sm-ln"},{"layout":{"text-letter-spacing":0.1,"text-line-height":1.5,"text-font":["DIN Offc Pro Italic","Arial Unicode MS Regular"],"text-field":"{name_ar}","text-size":{"base":1,"stops":[[3,12],[6,16]]},"text-max-width":5},"paint":{"text-color":"hsl(205, 83%, 88%)"},"filter":["all",["==","$type","Point"],[">=","labelrank",4]],"source":"composite","minzoom":3,"source-layer":"marine_label","maxzoom":10,"type":"symbol","id":"marine-label-sm-pt"},{"layout":{"text-letter-spacing":0.15,"symbol-placement":"line","text-line-height":1.1,"text-font":["DIN Offc Pro Italic","Arial Unicode MS Regular"],"text-field":"{name_ar}","text-size":{"base":1.1,"stops":[[2,12],[5,20]]},"text-max-width":5,"symbol-spacing":250},"paint":{"text-color":"hsl(205, 83%, 88%)","text-opacity":{"base":1,"stops":[[3,0],[3.25,1]]}},"filter":["all",["==","$type","LineString"],["in","labelrank",2,3]],"source":"composite","minzoom":2,"source-layer":"marine_label","maxzoom":8,"type":"symbol","id":"marine-label-md-ln"},{"layout":{"text-letter-spacing":0.15,"text-line-height":1.5,"text-font":["DIN Offc Pro Italic","Arial Unicode MS Regular"],"text-field":"{name_ar}","text-size":{"base":1.1,"stops":[[2,14],[5,20]]},"text-max-width":5},"paint":{"text-color":"hsl(205, 83%, 88%)","text-opacity":{"base":1,"stops":[[3,0],[3.25,1]]}},"filter":["all",["==","$type","Point"],["in","labelrank",2,3]],"source":"composite","minzoom":2,"source-layer":"marine_label","maxzoom":8,"type":"symbol","id":"marine-label-md-pt"},{"layout":{"text-letter-spacing":0.25,"symbol-placement":"line","text-size":{"base":1,"stops":[[1,14],[4,30]]},"text-font":["DIN Offc Pro Italic","Arial Unicode MS Regular"],"text-field":"{name_ar}","text-line-height":1.1,"text-max-width":4},"paint":{"text-color":"hsl(205, 83%, 88%)"},"filter":["all",["==","$type","LineString"],["==","labelrank",1]],"source":"composite","minzoom":1,"source-layer":"marine_label","maxzoom":4,"type":"symbol","id":"marine-label-lg-ln"},{"layout":{"text-letter-spacing":0.25,"text-line-height":1.5,"text-font":["DIN Offc Pro Italic","Arial Unicode MS Regular"],"text-field":"{name_ar}","text-size":{"base":1,"stops":[[1,14],[4,30]]},"text-max-width":4},"paint":{"text-color":"hsl(205, 83%, 88%)","text-opacity":{"base":1,"stops":[[1,0],[1.25,1]]}},"filter":["all",["==","$type","Point"],["==","labelrank",1]],"source":"composite","minzoom":1,"source-layer":"marine_label","maxzoom":4,"type":"symbol","id":"marine-label-lg-pt"},{"layout":{"text-letter-spacing":0.15,"text-size":{"base":1,"stops":[[6,10],[9,14]]},"text-font":["DIN Offc Pro Bold","Arial Unicode MS Bold"],"text-field":"{name_ar}","text-transform":"uppercase","text-max-width":5},"paint":{"text-opacity":{"base":1,"stops":[[4.25,0],[4.75,1]]},"text-halo-width":1,"text-halo-color":"hsl(0, 0%, 100%)","text-color":"hsl(0, 0%, 0%)"},"filter":["<","area",20000],"source":"composite","minzoom":3,"source-layer":"state_label","maxzoom":9,"type":"symbol","id":"state-label-sm"},{"layout":{"text-letter-spacing":0.15,"text-size":{"base":1,"stops":[[5,10],[8,16]]},"text-font":["DIN Offc Pro Bold","Arial Unicode MS Bold"],"text-field":"{name_ar}","text-transform":"uppercase","text-max-width":6},"paint":{"text-opacity":{"base":1,"stops":[[4,0],[4.25,1]]},"text-halo-width":1,"text-halo-color":"hsl(0, 0%, 100%)","text-color":"hsl(0, 0%, 0%)"},"filter":["all",["<","area",80000],[">=","area",20000]],"source":"composite","minzoom":3,"source-layer":"state_label","maxzoom":8,"type":"symbol","id":"state-label-md"},{"layout":{"text-letter-spacing":0.15,"text-size":{"base":1,"stops":[[4,9],[5,10],[7,18]]},"text-font":["DIN Offc Pro Bold","Arial Unicode MS Bold"],"text-field":{"base":1,"stops":[[0,"{name_ar}"],[3,"{name_ar}"]]},"text-padding":1,"text-transform":"uppercase","text-max-width":6},"paint":{"text-opacity":{"base":1,"stops":[[4,0],[4.25,1]]},"text-halo-width":1,"text-halo-color":"hsl(0, 0%, 100%)","text-color":"hsl(0, 0%, 0%)"},"filter":[">=","area",80000],"source":"composite","minzoom":2,"source-layer":"state_label","maxzoom":7,"type":"symbol","id":"state-label-lg"},{"layout":{"text-font":["DIN Offc Pro Medium","Arial Unicode MS Regular"],"text-size":{"base":0.9,"stops":[[5,14],[9,22]]},"text-field":"{name_ar}","text-max-width":6},"paint":{"text-color":"hsl(0, 0%, 0%)","text-halo-width":1.25,"text-halo-color":{"base":1,"stops":[[2,"rgba(255,255,255,0.75)"],[3,"hsl(0, 0%, 100%)"]]},"text-opacity":{"base":1,"stops":[[4,0],[4.25,1]]}},"filter":[">=","scalerank",5],"source":"composite","minzoom":1,"source-layer":"country_label","maxzoom":10,"type":"symbol","id":"country-label-sm"},{"layout":{"text-font":["DIN Offc Pro Medium","Arial Unicode MS Regular"],"text-size":{"base":1,"stops":[[3,10],[8,24]]},"text-field":{"base":1,"stops":[[0,"{code}"],[2,"{name_ar}"]]},"text-max-width":6},"paint":{"text-color":"hsl(0, 0%, 0%)","text-halo-width":1.25,"text-halo-color":{"base":1,"stops":[[2,"rgba(255,255,255,0.75)"],[3,"hsl(0, 0%, 100%)"]]},"text-opacity":{"base":1,"stops":[[3,0],[3.25,1],[8,1],[8.25,0]]}},"filter":["in","scalerank",3,4],"source":"composite","minzoom":1,"source-layer":"country_label","maxzoom":9.5,"type":"symbol","id":"country-label-md"},{"layout":{"text-font":["DIN Offc Pro Medium","Arial Unicode MS Regular"],"text-size":{"base":1,"stops":[[1,10],[6,24]]},"text-field":"{name_ar}","text-max-width":{"base":1,"stops":[[0,5],[3,6]]}},"paint":{"text-color":"hsl(0, 0%, 0%)","text-halo-width":1.25,"text-halo-color":{"base":1,"stops":[[2,"rgba(255,255,255,0.75)"],[3,"hsl(0, 0%, 100%)"]]},"text-opacity":{"base":1,"stops":[[1,0],[1.25,1]]}},"filter":["in","scalerank",1,2],"source":"composite","minzoom":1,"source-layer":"country_label","maxzoom":7,"type":"symbol","id":"country-label-lg"},{"layout":{"text-letter-spacing":0.01,"text-max-angle":38,"icon-size":1,"text-line-height":1.1,"text-font":["DIN Offc Pro Medium","Arial Unicode MS Regular"],"icon-image":"{maki}-11","text-padding":2,"text-anchor":"top","text-optional":true,"text-offset":[0,1],"text-field":"{name_ar}","text-rotation-alignment":"viewport","text-size":{"base":1,"stops":[[16,11],[20,13]]},"text-max-width":8,"symbol-spacing":250},"source":"composite","filter":["in","maki","bicycle","picnic-site","toilet"],"paint":{"text-halo-blur":0.5,"text-color":"hsl(25, 25%, 32%)","text-halo-width":{"base":1,"stops":[[14,0.5],[15,2]]},"text-halo-color":"hsl(0, 0%, 100%)","text-opacity":0},"source-layer":"poi_label","type":"symbol","id":"poi-outdoor-features"},{"layout":{"text-letter-spacing":0.01,"text-max-angle":38,"icon-size":1,"text-line-height":1.1,"text-font":["DIN Offc Pro Medium","Arial Unicode MS Regular"],"text-anchor":"top","icon-image":"{maki}-11","text-padding":1,"text-optional":true,"text-offset":[0,1.5],"text-field":"{name_ar}","text-rotation-alignment":"viewport","text-size":{"base":1,"stops":[[16,11],[20,13]]},"text-max-width":8,"symbol-spacing":250},"paint":{"text-opacity":{"base":1,"stops":[[16,0],[16.15,1]]},"icon-opacity":{"base":1,"stops":[[16,0],[16.15,1]]},"text-halo-blur":0.5,"text-halo-width":{"base":1,"stops":[[14,0.5],[15,2]]},"text-color":"hsl(25, 25%, 32%)","text-halo-color":"hsl(0, 0%, 100%)"},"filter":["all",["==","scalerank",4],[">=","localrank",15],["in","maki","amusement-park","aquarium","bakery","bank","bar","beer","bus","cafe","castle","college","doctor","fast-food","ferry","fire-station","fuel","grocery","harbor","hospital","ice-cream","lodging","marker","monument","museum","pharmacy","police","post","restaurant","rocket","stadium","swimming"]],"source":"composite","source-layer":"poi_label","type":"symbol","id":"poi-relevant-scalerank4-l15"},{"layout":{"text-letter-spacing":0.01,"text-max-angle":38,"icon-size":1,"icon-padding":2,"text-line-height":1.1,"text-font":["DIN Offc Pro Medium","Arial Unicode MS Regular"],"icon-image":"{maki}-11","text-padding":1,"text-anchor":"top","text-optional":true,"text-offset":[0,1.5],"text-field":"{name_ar}","text-rotation-alignment":"viewport","text-size":{"base":1,"stops":[[16,11],[20,13]]},"text-max-width":8,"symbol-spacing":250},"paint":{"text-opacity":{"base":1,"stops":[[16,0],[16.15,1]]},"icon-opacity":{"base":1,"stops":[[16,0],[16.15,1]]},"text-halo-blur":0.5,"text-halo-width":{"base":1,"stops":[[14,0.5],[15,2]]},"text-color":"hsl(25, 25%, 32%)","text-halo-color":"hsl(0, 0%, 100%)"},"filter":["all",["!=","name","Kardashian-Jenner House"],["<=","localrank",14],["==","scalerank",4],["in","maki","amusement-park","aquarium","bakery","bank","bar","beer","bus","cafe","castle","college","doctor","fast-food","ferry","fire-station","fuel","grocery","harbor","hospital","ice-cream","lodging","marker","monument","museum","pharmacy","police","post","restaurant","rocket","stadium","swimming"]],"source":"composite","source-layer":"poi_label","type":"symbol","id":"poi-relevant-scalerank4-l1"},{"layout":{"text-letter-spacing":0.01,"text-max-angle":38,"icon-size":1,"text-line-height":1.1,"text-font":["DIN Offc Pro Medium","Arial Unicode MS Regular"],"icon-image":"{maki}-11","text-field":"{name_ar}","text-anchor":"top","text-padding":1,"text-offset":[0,1.5],"text-rotation-alignment":"viewport","text-size":{"base":1,"stops":[[16,11],[20,13]]},"text-max-width":8,"symbol-spacing":250},"paint":{"text-opacity":{"base":1,"stops":[[16,0],[17,1]]},"icon-opacity":{"base":1,"stops":[[16,0],[17,1]]},"text-halo-blur":{"base":1,"stops":[[14,0.5],[15,0]]},"text-halo-width":{"base":1,"stops":[[14,0.5],[15,2]]},"text-color":"hsl(100, 100%, 20%)","text-halo-color":"hsl(0, 0%, 100%)"},"filter":["all",["==","scalerank",4],["in","maki","campsite","cemetery","dog-park","garden","golf","park","picnic-site","playground","zoo"]],"source":"composite","source-layer":"poi_label","type":"symbol","id":"poi-parks_scalerank4"},{"layout":{"text-letter-spacing":0.01,"text-max-angle":38,"icon-size":1,"text-line-height":1.1,"text-font":["DIN Offc Pro Medium","Arial Unicode MS Regular"],"icon-image":"{maki}-11","text-padding":1,"text-anchor":"top","text-optional":true,"text-offset":[0,1.5],"text-field":"{name_ar}","text-rotation-alignment":"viewport","text-size":{"base":1,"stops":[[16,11],[20,13]]},"text-max-width":8,"symbol-spacing":250},"paint":{"text-opacity":{"base":1,"stops":[[16,0],[16.15,1]]},"icon-opacity":{"base":1,"stops":[[16,0],[16.15,1]]},"text-halo-blur":0.5,"text-halo-width":{"base":1,"stops":[[14,0.5],[15,2]]},"text-color":"hsl(25, 25%, 32%)","text-halo-color":"hsl(0, 0%, 100%)"},"filter":["all",["!in","maki","attraction","campsite","cemetery","dog-park","garden","golf","park","picnic-site","playground","zoo"],["==","scalerank",3]],"source":"composite","source-layer":"poi_label","type":"symbol","id":"poi-scalerank3"},{"layout":{"text-letter-spacing":0.01,"text-max-angle":38,"icon-size":1,"text-line-height":1.1,"text-font":["DIN Offc Pro Medium","Arial Unicode MS Regular"],"text-anchor":"top","icon-image":"{maki}-11","text-padding":2,"text-optional":true,"text-offset":[0,1.5],"text-field":"{name_ar}","text-rotation-alignment":"viewport","text-size":{"base":1,"stops":[[16,11],[20,13]]},"text-max-width":8,"symbol-spacing":250},"paint":{"text-opacity":{"base":1,"stops":[[13,0],[13.25,1]]},"icon-opacity":{"base":1,"stops":[[13,0],[13.25,1]]},"text-halo-blur":0.5,"text-halo-width":{"base":1,"stops":[[14,0.5],[15,2]]},"text-color":"hsl(100, 100%, 20%)","text-halo-color":"hsl(0, 0%, 100%)"},"filter":["all",["==","scalerank",3],["in","maki","campsite","cemetery","dog-park","garden","golf","park","picnic-site","playground","zoo"]],"source":"composite","source-layer":"poi_label","type":"symbol","id":"poi-parks-scalerank3"},{"layout":{"text-letter-spacing":0.01,"text-max-angle":38,"icon-size":1,"text-line-height":1.1,"text-font":["DIN Offc Pro Medium","Arial Unicode MS Regular"],"text-anchor":"top","icon-image":{"stops":[[14,"{maki}-11"],[15,"{maki}-15"]]},"text-padding":2,"text-optional":true,"text-offset":[0,1.5],"text-field":"{name_ar}","text-rotation-alignment":"viewport","text-size":{"base":1,"stops":[[14,11],[20,14]]},"text-max-width":8,"symbol-spacing":250},"paint":{"text-opacity":{"base":1,"stops":[[14,0],[14.25,1]]},"icon-opacity":{"base":1,"stops":[[14,0],[14.25,1]]},"text-halo-blur":0.5,"text-halo-width":{"base":1,"stops":[[14,0.5],[15,2]]},"text-color":"hsl(25, 25%, 32%)","text-halo-color":"hsl(0, 0%, 100%)"},"filter":["all",["!in","maki","attraction","campsite","cemetery","dog-park","garden","golf","park","picnic-site","playground","zoo"],["==","scalerank",2]],"source":"composite","source-layer":"poi_label","type":"symbol","id":"poi-scalerank2"},{"layout":{"text-letter-spacing":0.01,"text-max-angle":38,"icon-size":1,"text-line-height":1.1,"text-font":["DIN Offc Pro Medium","Arial Unicode MS Regular"],"text-anchor":"top","icon-image":{"stops":[[14,"{maki}-11"],[15,"{maki}-15"]]},"text-field":"{name_ar}","text-padding":2,"text-offset":[0,1.5],"text-rotation-alignment":"viewport","text-size":{"base":1,"stops":[[14,11],[20,14]]},"text-max-width":8,"symbol-spacing":250},"paint":{"text-opacity":{"base":1,"stops":[[14,0],[14.25,1]]},"icon-opacity":{"base":1,"stops":[[14,0],[14.25,1]]},"text-halo-blur":0.5,"text-halo-width":{"base":1,"stops":[[14,0.5],[15,2]]},"text-color":"hsl(100, 100%, 20%)","text-halo-color":"hsl(0, 0%, 100%)"},"filter":["all",["==","scalerank",2],["in","maki","campsite","cemetery","dog-park","garden","golf","park","picnic-site","playground","zoo"]],"source":"composite","source-layer":"poi_label","type":"symbol","id":"poi-parks-scalerank2"},{"layout":{"text-letter-spacing":0.01,"text-max-angle":38,"icon-size":1,"text-line-height":1.1,"text-font":["DIN Offc Pro Medium","Arial Unicode MS Regular"],"text-anchor":"top","icon-image":{"stops":[[13,"{maki}-11"],[14,"{maki}-15"]]},"text-field":"{name_ar}","text-padding":2,"text-offset":[0,1.5],"text-rotation-alignment":"viewport","text-size":{"base":1,"stops":[[10,11],[18,14]]},"text-max-width":8,"symbol-spacing":250},"paint":{"text-opacity":{"base":1,"stops":[[14,0],[14.25,1]]},"icon-opacity":{"base":1,"stops":[[14,0],[14.25,1]]},"text-halo-blur":0.5,"text-halo-width":{"base":1,"stops":[[14,0.5],[15,2]]},"text-color":"hsl(100, 100%, 20%)","text-halo-color":"hsl(0, 0%, 100%)"},"filter":["all",["<=","scalerank",1],["in","maki","campsite","cemetery","dog-park","garden","golf","park","picnic-site","playground","zoo"]],"source":"composite","source-layer":"poi_label","type":"symbol","id":"poi-parks-scalerank1"},{"layout":{"text-letter-spacing":0.01,"text-max-angle":38,"icon-size":1,"text-line-height":1.1,"text-font":["DIN Offc Pro Medium","Arial Unicode MS Regular"],"text-anchor":"top","icon-image":{"stops":[[13,"{maki}-11"],[14,"{maki}-15"]]},"text-field":"{name_ar}","icon-offset":[0,-4],"text-padding":2,"text-offset":[0,1],"text-rotation-alignment":"viewport","text-size":{"base":1,"stops":[[10,11],[18,14]]},"text-max-width":8,"symbol-spacing":250},"paint":{"text-opacity":{"base":1,"stops":[[13,0],[13.25,1]]},"icon-opacity":{"base":1,"stops":[[13,0],[13.25,1]]},"text-halo-blur":0.5,"text-halo-width":{"base":1,"stops":[[14,0.5],[15,2]]},"text-color":"hsl(25, 25%, 32%)","text-halo-color":"hsl(0, 0%, 100%)"},"filter":["all",["!in","maki","attraction","campsite","cemetery","dog-park","garden","golf","park","picnic-site","playground","zoo"],["<=","scalerank",1]],"source":"composite","source-layer":"poi_label","type":"symbol","id":"poi-scalerank1"},{"paint":{"background-opacity":0,"background-color":"hsl(35, 32%, 91%)"},"id":"sc-layers-insert","type":"background"},{"paint":{"background-opacity":0,"background-color":"hsl(35, 32%, 91%)"},"id":"sc-content-insert","type":"background"}],"glyphs":"mapbox://fonts/nkmap/{fontstack}/{range}.pbf","sprite":"mapbox://sprites/nkmap/cj15i9y9a000v2rr5seo0ec34","sources":{"composite":{"mapbox_logo":false,"center":[0,0,0],"format":"pbf","tiles":["https://snap.api.mapbox.com/v4/mapbox.mapbox-streets-v7,mapbox.mapbox-terrain-v2/{z}/{x}/{y}.vector.pbf?access_token=$access_token"],"bounds":[-180,-85.0511,180,85.0511],"minzoom":0,"maxzoom":16,"tilejson":"2.2.0","scheme":"xyz","type":"vector"},"mapbox://mapbox.satellite":{"mapbox_logo":false,"autoscale":true,"center":[0,0,3],"tiles":["https://snap.api.mapbox.com/v4/mapbox.satellite/{z}/{x}/{y}@2x.png?access_token=$access_token"],"tileSize":256,"bounds":[-180,-85,180,85],"minzoom":0,"maxzoom":17,"cacheControl":"max-age=43200,s-maxage=604800","tilejson":"2.2.0","scheme":"xyz","type":"raster","id":"mapbox.satellite"}},"version":8}