<DependencyGraph>
    <.Resources>
        <NnInterpolationFactory Name="DecoratorFactory" ChannelIndex="0" />
    </.Resources>
    <FaceDetectorStage Output="Faces" Frame.SrcImageId="-1" TrackingSession.DstShapeId="3"/>
    <TrackingStage Output="FaceLandmarks68Unblurred" Frame.SrcImageId="-1" TrackingSession.SrcShapeId="3" TrackingSession.DstShapeId="3" DependsOn="Faces" RegressorPath="Context.FaceLandmarks68" ConfidenceThreshold="0.49" ImageDecoratorFactory="{DecoratorFactory}"/>
    <TrackingStage Output="EyeLandmarks" Frame.SrcImageId="-1" TrackingSession.SrcShapeId="3" TrackingSession.DstShapeId="3" DependsOn="FaceLandmarks68Unblurred" RegressorPath="Context.EyeLandmarks" ImageDecoratorFactory="{DecoratorFactory}"/>
    
    <ShapeMotionBlurStage TrackingSession.SrcShapeId="3" TrackingSession.DstShapeId="0" Output="FaceLandmarks68BlurredAU" DependsOn="FaceLandmarks68Unblurred" Units="ActionUnit">
        <QuadRegExpMovingAverage Alpha="0.45" Beta="3.5"/>
    </ShapeMotionBlurStage>
    
    <ShapeMotionBlurStage TrackingSession.SrcShapeId="0" TrackingSession.DstShapeId="0" Output="FaceLandmarks68BlurredAUContour" DependsOn="FaceLandmarks68BlurredAU" BlurLandmarks="0 - 17">
        <QuadRegExpMovingAverage Alpha="0.4" Beta="5.0"/>
    </ShapeMotionBlurStage>
    
    <ShapeMotionBlurStage TrackingSession.SrcShapeId="0" TrackingSession.DstShapeId="0" Output="FaceLandmarks68" DependsOn="FaceLandmarks68BlurredAUContour" Units="LogScale|Angle">
        <LinRegExpMovingAverage Alpha="0.75"/>
    </ShapeMotionBlurStage>
    
    <TrackingStage Output="Candide" Frame.SrcImageId="-1" TrackingSession.SrcShapeId="0" TrackingSession.DstShapeId="1" DependsOn="FaceLandmarks68" RegressorPath="Context.Candide" ImageDecoratorFactory="{DecoratorFactory}"/>
    <TrackingStage Output="CandidePerspective" Frame.SrcImageId="-1" TrackingSession.SrcShapeId="0" TrackingSession.DstShapeId="2" DependsOn="FaceLandmarks68" RegressorPath="Context.CandidePerspective" ImageDecoratorFactory="{DecoratorFactory}"/>
</DependencyGraph>
